survey_date,panel,slug,subquestion,question_id,economist_last,economist_first,economist_id,question_text,response,confidence,explanation,signed
2012-02-07,US,rent_control,A,2012_02_07_rent_control_A,Acemoglu,Daron,daron_acemoglu,"Local ordinances that limit rent increases for some rental housing units, such as in New York and San Francisco, have had a positive impact over the past three decades on the amount and quality of broadly affordable rental housing in cities that have used them.",Disagree,4,NA,-1
2012-02-07,US,rent_control,A,2012_02_07_rent_control_A,Alesina,Alberto,alberto_alesina,"Local ordinances that limit rent increases for some rental housing units, such as in New York and San Francisco, have had a positive impact over the past three decades on the amount and quality of broadly affordable rental housing in cities that have used them.",Strongly Disagree,9,NA,-2
2012-02-07,US,rent_control,A,2012_02_07_rent_control_A,Altonji,Joseph,joseph_altonji,"Local ordinances that limit rent increases for some rental housing units, such as in New York and San Francisco, have had a positive impact over the past three decades on the amount and quality of broadly affordable rental housing in cities that have used them.",Did Not Answer,NA,NA,NA
2012-02-07,US,rent_control,A,2012_02_07_rent_control_A,Auerbach,Alan,alan_auerbach,"Local ordinances that limit rent increases for some rental housing units, such as in New York and San Francisco, have had a positive impact over the past three decades on the amount and quality of broadly affordable rental housing in cities that have used them.",Disagree,6,NA,-1
2012-02-07,US,rent_control,A,2012_02_07_rent_control_A,Autor,David,david_autor,"Local ordinances that limit rent increases for some rental housing units, such as in New York and San Francisco, have had a positive impact over the past three decades on the amount and quality of broadly affordable rental housing in cities that have used them.",Strongly Disagree,8,Rent control discourages supply of rental units. Incumbent renters benefit from capped prices. New renters face reduced rental options.,-2
2012-02-07,US,rent_control,A,2012_02_07_rent_control_A,Baicker,Katherine,katherine_baicker,"Local ordinances that limit rent increases for some rental housing units, such as in New York and San Francisco, have had a positive impact over the past three decades on the amount and quality of broadly affordable rental housing in cities that have used them.",Disagree,5,NA,-1
2012-02-07,US,rent_control,A,2012_02_07_rent_control_A,Bertrand,Marianne,marianne_bertrand,"Local ordinances that limit rent increases for some rental housing units, such as in New York and San Francisco, have had a positive impact over the past three decades on the amount and quality of broadly affordable rental housing in cities that have used them.",Did Not Answer,NA,NA,NA
2012-02-07,US,rent_control,A,2012_02_07_rent_control_A,Chetty,Raj,raj_chetty,"Local ordinances that limit rent increases for some rental housing units, such as in New York and San Francisco, have had a positive impact over the past three decades on the amount and quality of broadly affordable rental housing in cities that have used them.",Disagree,7,NA,-1
2012-02-07,US,rent_control,A,2012_02_07_rent_control_A,Chevalier,Judith,judith_chevalier,"Local ordinances that limit rent increases for some rental housing units, such as in New York and San Francisco, have had a positive impact over the past three decades on the amount and quality of broadly affordable rental housing in cities that have used them.",Strongly Disagree,9,Rent control will have similar effects to any price control.,-2
2012-02-07,US,rent_control,A,2012_02_07_rent_control_A,Currie,Janet,janet_currie,"Local ordinances that limit rent increases for some rental housing units, such as in New York and San Francisco, have had a positive impact over the past three decades on the amount and quality of broadly affordable rental housing in cities that have used them.",Disagree,5,NA,-1
2012-02-07,US,rent_control,A,2012_02_07_rent_control_A,Cutler,David,david_cutler,"Local ordinances that limit rent increases for some rental housing units, such as in New York and San Francisco, have had a positive impact over the past three decades on the amount and quality of broadly affordable rental housing in cities that have used them.",Disagree,3,I suspect zoning and building limits have been more important.,-1
2012-02-07,US,rent_control,A,2012_02_07_rent_control_A,Deaton,Angus,angus_deaton,"Local ordinances that limit rent increases for some rental housing units, such as in New York and San Francisco, have had a positive impact over the past three decades on the amount and quality of broadly affordable rental housing in cities that have used them.",Strongly Disagree,9,NA,-2
2012-02-07,US,rent_control,A,2012_02_07_rent_control_A,Duffie,Darrell,darrell_duffie,"Local ordinances that limit rent increases for some rental housing units, such as in New York and San Francisco, have had a positive impact over the past three decades on the amount and quality of broadly affordable rental housing in cities that have used them.",Uncertain,2,NA,0
2012-02-07,US,rent_control,A,2012_02_07_rent_control_A,Edlin,Aaron,aaron_edlin,"Local ordinances that limit rent increases for some rental housing units, such as in New York and San Francisco, have had a positive impact over the past three decades on the amount and quality of broadly affordable rental housing in cities that have used them.",Disagree,1,Rent control lowers incentives to invest and increases incentives to hold underoccupied rentals,-1
2012-02-07,US,rent_control,A,2012_02_07_rent_control_A,Eichengreen,Barry,barry_eichengreen,"Local ordinances that limit rent increases for some rental housing units, such as in New York and San Francisco, have had a positive impact over the past three decades on the amount and quality of broadly affordable rental housing in cities that have used them.",Uncertain,2,NA,0
2012-02-07,US,rent_control,A,2012_02_07_rent_control_A,Fair,Ray,ray_fair,"Local ordinances that limit rent increases for some rental housing units, such as in New York and San Francisco, have had a positive impact over the past three decades on the amount and quality of broadly affordable rental housing in cities that have used them.",Strongly Disagree,10,NA,-2
2012-02-07,US,rent_control,A,2012_02_07_rent_control_A,Goldberg,Pinelopi,pinelopi_goldberg,"Local ordinances that limit rent increases for some rental housing units, such as in New York and San Francisco, have had a positive impact over the past three decades on the amount and quality of broadly affordable rental housing in cities that have used them.",Uncertain,5,"Price controls create disincentives to increase supply. But without rent control, no one outside the top 1% would be left in Manhattan.",0
2012-02-07,US,rent_control,A,2012_02_07_rent_control_A,Goldin,Claudia,claudia_goldin,"Local ordinances that limit rent increases for some rental housing units, such as in New York and San Francisco, have had a positive impact over the past three decades on the amount and quality of broadly affordable rental housing in cities that have used them.",Strongly Disagree,7,NA,-2
2012-02-07,US,rent_control,A,2012_02_07_rent_control_A,Goolsbee,Austan,austan_goolsbee,"Local ordinances that limit rent increases for some rental housing units, such as in New York and San Francisco, have had a positive impact over the past three decades on the amount and quality of broadly affordable rental housing in cities that have used them.",Disagree,5,NA,-1
2012-02-07,US,rent_control,A,2012_02_07_rent_control_A,Greenstone,Michael,michael_greenstone,"Local ordinances that limit rent increases for some rental housing units, such as in New York and San Francisco, have had a positive impact over the past three decades on the amount and quality of broadly affordable rental housing in cities that have used them.",Strongly Disagree,8,Great if you are lucky enough to get one of those apartments!  Bad for all others The worst policies apply to new construction.,-2
2012-02-07,US,rent_control,A,2012_02_07_rent_control_A,Hall,Robert,robert_hall,"Local ordinances that limit rent increases for some rental housing units, such as in New York and San Francisco, have had a positive impact over the past three decades on the amount and quality of broadly affordable rental housing in cities that have used them.",Strongly Disagree,9,NA,-2
2012-02-07,US,rent_control,A,2012_02_07_rent_control_A,Holmström,Bengt,bengt_holmstrm,"Local ordinances that limit rent increases for some rental housing units, such as in New York and San Francisco, have had a positive impact over the past three decades on the amount and quality of broadly affordable rental housing in cities that have used them.",Agree,3,NA,1
2012-02-07,US,rent_control,A,2012_02_07_rent_control_A,Hoxby,Caroline,caroline_hoxby,"Local ordinances that limit rent increases for some rental housing units, such as in New York and San Francisco, have had a positive impact over the past three decades on the amount and quality of broadly affordable rental housing in cities that have used them.",Strongly Disagree,10,Rent controlled units do not end up in the hands of low income people. Rent control discourages landlords from creating modest priced units.,-2
2012-02-07,US,rent_control,A,2012_02_07_rent_control_A,Judd,Kenneth,kenneth_judd,"Local ordinances that limit rent increases for some rental housing units, such as in New York and San Francisco, have had a positive impact over the past three decades on the amount and quality of broadly affordable rental housing in cities that have used them.",Strongly Disagree,9,NA,-2
2012-02-07,US,rent_control,A,2012_02_07_rent_control_A,Kashyap,Anil,anil_kashyap,"Local ordinances that limit rent increases for some rental housing units, such as in New York and San Francisco, have had a positive impact over the past three decades on the amount and quality of broadly affordable rental housing in cities that have used them.",Disagree,3,NA,-1
2012-02-07,US,rent_control,A,2012_02_07_rent_control_A,Klenow,Pete,pete_klenow,"Local ordinances that limit rent increases for some rental housing units, such as in New York and San Francisco, have had a positive impact over the past three decades on the amount and quality of broadly affordable rental housing in cities that have used them.",Disagree,3,"Land use regulations restricted supply as well.  Plus, rent controls lead to misallocation of housing units.",-1
2012-02-07,US,rent_control,A,2012_02_07_rent_control_A,Lazear,Edward,edward_lazear,"Local ordinances that limit rent increases for some rental housing units, such as in New York and San Francisco, have had a positive impact over the past three decades on the amount and quality of broadly affordable rental housing in cities that have used them.",Strongly Disagree,8,"Even in the short run, rent control induces owners to move property to other uses, misallocate the property, and substitute non-price alloc.",-2
2012-02-07,US,rent_control,A,2012_02_07_rent_control_A,Levin,Jonathan,jonathan_levin,"Local ordinances that limit rent increases for some rental housing units, such as in New York and San Francisco, have had a positive impact over the past three decades on the amount and quality of broadly affordable rental housing in cities that have used them.",No Opinion,NA,I'm skeptical - but don't know enough about the programs to have a very informed view.,NA
2012-02-07,US,rent_control,A,2012_02_07_rent_control_A,Maskin,Eric,eric_maskin,"Local ordinances that limit rent increases for some rental housing units, such as in New York and San Francisco, have had a positive impact over the past three decades on the amount and quality of broadly affordable rental housing in cities that have used them.",Disagree,7,NA,-1
2012-02-07,US,rent_control,A,2012_02_07_rent_control_A,Nordhaus,William,william_nordhaus,"Local ordinances that limit rent increases for some rental housing units, such as in New York and San Francisco, have had a positive impact over the past three decades on the amount and quality of broadly affordable rental housing in cities that have used them.",Disagree,5,NA,-1
2012-02-07,US,rent_control,A,2012_02_07_rent_control_A,Obstfeld,Maurice,maurice_obstfeld,"Local ordinances that limit rent increases for some rental housing units, such as in New York and San Francisco, have had a positive impact over the past three decades on the amount and quality of broadly affordable rental housing in cities that have used them.",Disagree,5,NA,-1
2012-02-07,US,rent_control,A,2012_02_07_rent_control_A,Rouse,Cecilia,cecilia_rouse,"Local ordinances that limit rent increases for some rental housing units, such as in New York and San Francisco, have had a positive impact over the past three decades on the amount and quality of broadly affordable rental housing in cities that have used them.",Disagree,6,"While well intended, theoretically they also likely limit expansions in supply and improvements in quality.",-1
2012-02-07,US,rent_control,A,2012_02_07_rent_control_A,Saez,Emmanuel,emmanuel_saez,"Local ordinances that limit rent increases for some rental housing units, such as in New York and San Francisco, have had a positive impact over the past three decades on the amount and quality of broadly affordable rental housing in cities that have used them.",Disagree,6,NA,-1
2012-02-07,US,rent_control,A,2012_02_07_rent_control_A,Scheinkman,José,jos_scheinkman,"Local ordinances that limit rent increases for some rental housing units, such as in New York and San Francisco, have had a positive impact over the past three decades on the amount and quality of broadly affordable rental housing in cities that have used them.",Disagree,6,NA,-1
2012-02-07,US,rent_control,A,2012_02_07_rent_control_A,Schmalensee,Richard,richard_schmalensee,"Local ordinances that limit rent increases for some rental housing units, such as in New York and San Francisco, have had a positive impact over the past three decades on the amount and quality of broadly affordable rental housing in cities that have used them.",Strongly Disagree,8,"Unless al the textbooks are wrong, this is wrong.",-2
2012-02-07,US,rent_control,A,2012_02_07_rent_control_A,Shin,Hyun Song,hyunsong_shin,"Local ordinances that limit rent increases for some rental housing units, such as in New York and San Francisco, have had a positive impact over the past three decades on the amount and quality of broadly affordable rental housing in cities that have used them.",Disagree,3,NA,-1
2012-02-07,US,rent_control,A,2012_02_07_rent_control_A,Stock,James,james_stock,"Local ordinances that limit rent increases for some rental housing units, such as in New York and San Francisco, have had a positive impact over the past three decades on the amount and quality of broadly affordable rental housing in cities that have used them.",Did Not Answer,NA,NA,NA
2012-02-07,US,rent_control,A,2012_02_07_rent_control_A,Stokey,Nancy,nancy_stokey,"Local ordinances that limit rent increases for some rental housing units, such as in New York and San Francisco, have had a positive impact over the past three decades on the amount and quality of broadly affordable rental housing in cities that have used them.",Strongly Disagree,9,The planets are lined up here: theory and evidence point in the same direction.,-2
2012-02-07,US,rent_control,A,2012_02_07_rent_control_A,Thaler,Richard,richard_thaler,"Local ordinances that limit rent increases for some rental housing units, such as in New York and San Francisco, have had a positive impact over the past three decades on the amount and quality of broadly affordable rental housing in cities that have used them.",Disagree,3,Next questions: does the sun revolve around the earth.,-1
2012-02-07,US,rent_control,A,2012_02_07_rent_control_A,Udry,Christopher,christopher_udry,"Local ordinances that limit rent increases for some rental housing units, such as in New York and San Francisco, have had a positive impact over the past three decades on the amount and quality of broadly affordable rental housing in cities that have used them.",Disagree,5,NA,-1
2012-02-07,US,rent_control,A,2012_02_07_rent_control_A,Zingales,Luigi,luigi_zingales,"Local ordinances that limit rent increases for some rental housing units, such as in New York and San Francisco, have had a positive impact over the past three decades on the amount and quality of broadly affordable rental housing in cities that have used them.",Disagree,6,NA,-1
2015-09-22,US,15_minimum_wage,A,2015_09_22_15_minimum_wage_A,Acemoglu,Daron,daron_acemoglu,"If the federal minimum wage is raised gradually to $15-per-hour by 2020, the employment rate for low-wage US workers will be substantially lower than it would be under the status quo.",Uncertain,8,"Low levels of minimum wage do not have significant negative employment effects, but the effects likely increase for higher levels.",0
2015-09-22,US,15_minimum_wage,A,2015_09_22_15_minimum_wage_A,Alesina,Alberto,alberto_alesina,"If the federal minimum wage is raised gradually to $15-per-hour by 2020, the employment rate for low-wage US workers will be substantially lower than it would be under the status quo.",Uncertain,3,NA,0
2015-09-22,US,15_minimum_wage,A,2015_09_22_15_minimum_wage_A,Altonji,Joseph,joseph_altonji,"If the federal minimum wage is raised gradually to $15-per-hour by 2020, the employment rate for low-wage US workers will be substantially lower than it would be under the status quo.",Strongly Agree,8,$15.00 will be high enough in the productivity distribution of workers in 2020 to substantially reduce jobs for the less skilled.,2
2015-09-22,US,15_minimum_wage,A,2015_09_22_15_minimum_wage_A,Auerbach,Alan,alan_auerbach,"If the federal minimum wage is raised gradually to $15-per-hour by 2020, the employment rate for low-wage US workers will be substantially lower than it would be under the status quo.",Agree,3,NA,1
2015-09-22,US,15_minimum_wage,A,2015_09_22_15_minimum_wage_A,Autor,David,david_autor,"If the federal minimum wage is raised gradually to $15-per-hour by 2020, the employment rate for low-wage US workers will be substantially lower than it would be under the status quo.",Disagree,5,"I don't think the evidence supports the bold prediction that employment will be substantially lower. Not impossible, but no strong evidence.",-1
2015-09-22,US,15_minimum_wage,A,2015_09_22_15_minimum_wage_A,Baicker,Katherine,katherine_baicker,"If the federal minimum wage is raised gradually to $15-per-hour by 2020, the employment rate for low-wage US workers will be substantially lower than it would be under the status quo.",Uncertain,3,NA,0
2015-09-22,US,15_minimum_wage,A,2015_09_22_15_minimum_wage_A,Banerjee,Abhijit,abhijit_banerjee,"If the federal minimum wage is raised gradually to $15-per-hour by 2020, the employment rate for low-wage US workers will be substantially lower than it would be under the status quo.",Uncertain,5,NA,0
2015-09-22,US,15_minimum_wage,A,2015_09_22_15_minimum_wage_A,Bertrand,Marianne,marianne_bertrand,"If the federal minimum wage is raised gradually to $15-per-hour by 2020, the employment rate for low-wage US workers will be substantially lower than it would be under the status quo.",Uncertain,4,NA,0
2015-09-22,US,15_minimum_wage,A,2015_09_22_15_minimum_wage_A,Brunnermeier,Markus,markus_brunnermeier,"If the federal minimum wage is raised gradually to $15-per-hour by 2020, the employment rate for low-wage US workers will be substantially lower than it would be under the status quo.",Uncertain,4,"On the margin Card & Krueger show that minimum wages have little impact. In contrast, in France the minimum wage eliminates labor segment.",0
2015-09-22,US,15_minimum_wage,A,2015_09_22_15_minimum_wage_A,Chetty,Raj,raj_chetty,"If the federal minimum wage is raised gradually to $15-per-hour by 2020, the employment rate for low-wage US workers will be substantially lower than it would be under the status quo.",Disagree,7,NA,-1
2015-09-22,US,15_minimum_wage,A,2015_09_22_15_minimum_wage_A,Chevalier,Judith,judith_chevalier,"If the federal minimum wage is raised gradually to $15-per-hour by 2020, the employment rate for low-wage US workers will be substantially lower than it would be under the status quo.",Did Not Answer,NA,NA,NA
2015-09-22,US,15_minimum_wage,A,2015_09_22_15_minimum_wage_A,Cutler,David,david_cutler,"If the federal minimum wage is raised gradually to $15-per-hour by 2020, the employment rate for low-wage US workers will be substantially lower than it would be under the status quo.",Uncertain,5,NA,0
2015-09-22,US,15_minimum_wage,A,2015_09_22_15_minimum_wage_A,Deaton,Angus,angus_deaton,"If the federal minimum wage is raised gradually to $15-per-hour by 2020, the employment rate for low-wage US workers will be substantially lower than it would be under the status quo.",Agree,7,NA,1
2015-09-22,US,15_minimum_wage,A,2015_09_22_15_minimum_wage_A,Duffie,Darrell,darrell_duffie,"If the federal minimum wage is raised gradually to $15-per-hour by 2020, the employment rate for low-wage US workers will be substantially lower than it would be under the status quo.",Uncertain,3,NA,0
2015-09-22,US,15_minimum_wage,A,2015_09_22_15_minimum_wage_A,Edlin,Aaron,aaron_edlin,"If the federal minimum wage is raised gradually to $15-per-hour by 2020, the employment rate for low-wage US workers will be substantially lower than it would be under the status quo.",Disagree,4,NA,-1
2015-09-22,US,15_minimum_wage,A,2015_09_22_15_minimum_wage_A,Eichengreen,Barry,barry_eichengreen,"If the federal minimum wage is raised gradually to $15-per-hour by 2020, the employment rate for low-wage US workers will be substantially lower than it would be under the status quo.",Disagree,6,"Empirical studies disagree on the sign of the effect.  Few of those concluding in favor of negative are consistent with ""substantially.""",-1
2015-09-22,US,15_minimum_wage,A,2015_09_22_15_minimum_wage_A,Einav,Liran,liran_einav,"If the federal minimum wage is raised gradually to $15-per-hour by 2020, the employment rate for low-wage US workers will be substantially lower than it would be under the status quo.",Agree,5,NA,1
2015-09-22,US,15_minimum_wage,A,2015_09_22_15_minimum_wage_A,Fair,Ray,ray_fair,"If the federal minimum wage is raised gradually to $15-per-hour by 2020, the employment rate for low-wage US workers will be substantially lower than it would be under the status quo.",Disagree,5,NA,-1
2015-09-22,US,15_minimum_wage,A,2015_09_22_15_minimum_wage_A,Finkelstein,Amy,amy_finkelstein,"If the federal minimum wage is raised gradually to $15-per-hour by 2020, the employment rate for low-wage US workers will be substantially lower than it would be under the status quo.",Did Not Answer,NA,NA,NA
2015-09-22,US,15_minimum_wage,A,2015_09_22_15_minimum_wage_A,Goldberg,Pinelopi,pinelopi_goldberg,"If the federal minimum wage is raised gradually to $15-per-hour by 2020, the employment rate for low-wage US workers will be substantially lower than it would be under the status quo.",Uncertain,5,NA,0
2015-09-22,US,15_minimum_wage,A,2015_09_22_15_minimum_wage_A,Goolsbee,Austan,austan_goolsbee,"If the federal minimum wage is raised gradually to $15-per-hour by 2020, the employment rate for low-wage US workers will be substantially lower than it would be under the status quo.",Uncertain,1,NA,0
2015-09-22,US,15_minimum_wage,A,2015_09_22_15_minimum_wage_A,Greenstone,Michael,michael_greenstone,"If the federal minimum wage is raised gradually to $15-per-hour by 2020, the employment rate for low-wage US workers will be substantially lower than it would be under the status quo.",Did Not Answer,NA,NA,NA
2015-09-22,US,15_minimum_wage,A,2015_09_22_15_minimum_wage_A,Hall,Robert,robert_hall,"If the federal minimum wage is raised gradually to $15-per-hour by 2020, the employment rate for low-wage US workers will be substantially lower than it would be under the status quo.",Agree,4,"Depends on how many exceptions are allowed. Most $15 city min wages exempt union members, for example.",1
2015-09-22,US,15_minimum_wage,A,2015_09_22_15_minimum_wage_A,Hart,Oliver,oliver_hart,"If the federal minimum wage is raised gradually to $15-per-hour by 2020, the employment rate for low-wage US workers will be substantially lower than it would be under the status quo.",Uncertain,5,I worry that it will be but we don't know enough. Firms may raise prices and the Fed may accommodate some inflation. But the change is large,0
2015-09-22,US,15_minimum_wage,A,2015_09_22_15_minimum_wage_A,Holmström,Bengt,bengt_holmstrm,"If the federal minimum wage is raised gradually to $15-per-hour by 2020, the employment rate for low-wage US workers will be substantially lower than it would be under the status quo.",Uncertain,4,NA,0
2015-09-22,US,15_minimum_wage,A,2015_09_22_15_minimum_wage_A,Hoxby,Caroline,caroline_hoxby,"If the federal minimum wage is raised gradually to $15-per-hour by 2020, the employment rate for low-wage US workers will be substantially lower than it would be under the status quo.",Did Not Answer,NA,NA,NA
2015-09-22,US,15_minimum_wage,A,2015_09_22_15_minimum_wage_A,Hoynes,Hilary,hilary_hoynes,"If the federal minimum wage is raised gradually to $15-per-hour by 2020, the employment rate for low-wage US workers will be substantially lower than it would be under the status quo.",Disagree,8,NA,-1
2015-09-22,US,15_minimum_wage,A,2015_09_22_15_minimum_wage_A,Judd,Kenneth,kenneth_judd,"If the federal minimum wage is raised gradually to $15-per-hour by 2020, the employment rate for low-wage US workers will be substantially lower than it would be under the status quo.",Agree,7,"Some will move to uncovered sectors and the underground economy, reducing (not reversing) the impact on actual employment.",1
2015-09-22,US,15_minimum_wage,A,2015_09_22_15_minimum_wage_A,Kaplan,Steven,steven_kaplan,"If the federal minimum wage is raised gradually to $15-per-hour by 2020, the employment rate for low-wage US workers will be substantially lower than it would be under the status quo.",Strongly Agree,8,"A $15 minimum wage rise makes entry level / low wage jobs very expensive.  It would move the U.S. to be more like France, Italy, etc.",2
2015-09-22,US,15_minimum_wage,A,2015_09_22_15_minimum_wage_A,Kashyap,Anil,anil_kashyap,"If the federal minimum wage is raised gradually to $15-per-hour by 2020, the employment rate for low-wage US workers will be substantially lower than it would be under the status quo.",Uncertain,5,"In rural areas this will have a significant effect, but in many cities it would not matter much.  Teenager employment likely to drop too.",0
2015-09-22,US,15_minimum_wage,A,2015_09_22_15_minimum_wage_A,Klenow,Pete,pete_klenow,"If the federal minimum wage is raised gradually to $15-per-hour by 2020, the employment rate for low-wage US workers will be substantially lower than it would be under the status quo.",Agree,3,NA,1
2015-09-22,US,15_minimum_wage,A,2015_09_22_15_minimum_wage_A,Levin,Jonathan,jonathan_levin,"If the federal minimum wage is raised gradually to $15-per-hour by 2020, the employment rate for low-wage US workers will be substantially lower than it would be under the status quo.",Uncertain,4,NA,0
2015-09-22,US,15_minimum_wage,A,2015_09_22_15_minimum_wage_A,Maskin,Eric,eric_maskin,"If the federal minimum wage is raised gradually to $15-per-hour by 2020, the employment rate for low-wage US workers will be substantially lower than it would be under the status quo.",Uncertain,4,The total increase is so big that I'm not sure previous studies tell us very much.,0
2015-09-22,US,15_minimum_wage,A,2015_09_22_15_minimum_wage_A,Nordhaus,William,william_nordhaus,"If the federal minimum wage is raised gradually to $15-per-hour by 2020, the employment rate for low-wage US workers will be substantially lower than it would be under the status quo.",Disagree,6,Evidence is that it would be lower by perhaps 1 - 2 %. Lots of margins for adjustments.,-1
2015-09-22,US,15_minimum_wage,A,2015_09_22_15_minimum_wage_A,Saez,Emmanuel,emmanuel_saez,"If the federal minimum wage is raised gradually to $15-per-hour by 2020, the employment rate for low-wage US workers will be substantially lower than it would be under the status quo.",Disagree,7,NA,-1
2015-09-22,US,15_minimum_wage,A,2015_09_22_15_minimum_wage_A,Samuelson,Larry,larry_samuelson,"If the federal minimum wage is raised gradually to $15-per-hour by 2020, the employment rate for low-wage US workers will be substantially lower than it would be under the status quo.",Agree,5,"Our elasticity estimates provide only local information about labor demand functions, giving little insight into such a large increase.",1
2015-09-22,US,15_minimum_wage,A,2015_09_22_15_minimum_wage_A,Scheinkman,José,jos_scheinkman,"If the federal minimum wage is raised gradually to $15-per-hour by 2020, the employment rate for low-wage US workers will be substantially lower than it would be under the status quo.",Agree,5,Certainly in states where the median wage is close to $15. Smaller increases would impact employment much less.,1
2015-09-22,US,15_minimum_wage,A,2015_09_22_15_minimum_wage_A,Schmalensee,Richard,richard_schmalensee,"If the federal minimum wage is raised gradually to $15-per-hour by 2020, the employment rate for low-wage US workers will be substantially lower than it would be under the status quo.",Disagree,1,"Lower, probably; substantially lower, not clear at all.",-1
2015-09-22,US,15_minimum_wage,A,2015_09_22_15_minimum_wage_A,Shapiro,Carl,carl_shapiro,"If the federal minimum wage is raised gradually to $15-per-hour by 2020, the employment rate for low-wage US workers will be substantially lower than it would be under the status quo.",Did Not Answer,NA,NA,NA
2015-09-22,US,15_minimum_wage,A,2015_09_22_15_minimum_wage_A,Shimer,Robert,robert_shimer,"If the federal minimum wage is raised gradually to $15-per-hour by 2020, the employment rate for low-wage US workers will be substantially lower than it would be under the status quo.",Agree,7,"Assuming inflation stays low. There is substantial evidence that labor demand slopes down, at least in the long run",1
2015-09-22,US,15_minimum_wage,A,2015_09_22_15_minimum_wage_A,Thaler,Richard,richard_thaler,"If the federal minimum wage is raised gradually to $15-per-hour by 2020, the employment rate for low-wage US workers will be substantially lower than it would be under the status quo.",Disagree,4,Empirical evidence suggests the effects on employment would be modest.,-1
2015-09-22,US,15_minimum_wage,A,2015_09_22_15_minimum_wage_A,Udry,Christopher,christopher_udry,"If the federal minimum wage is raised gradually to $15-per-hour by 2020, the employment rate for low-wage US workers will be substantially lower than it would be under the status quo.",Uncertain,5,"Lower, yes. ""Substantially""? Not clear. For small changes in min wage, there are small changes in employment. But this is a big change.",0
2015-09-22,US,15_minimum_wage,B,2015_09_22_15_minimum_wage_B,Acemoglu,Daron,daron_acemoglu,Increasing the federal minimum wage gradually to $15-per-hour by 2020 would substantially increase aggregate output in the US economy.,Strongly Disagree,8,NA,-2
2015-09-22,US,15_minimum_wage,B,2015_09_22_15_minimum_wage_B,Alesina,Alberto,alberto_alesina,Increasing the federal minimum wage gradually to $15-per-hour by 2020 would substantially increase aggregate output in the US economy.,Disagree,5,NA,-1
2015-09-22,US,15_minimum_wage,B,2015_09_22_15_minimum_wage_B,Altonji,Joseph,joseph_altonji,Increasing the federal minimum wage gradually to $15-per-hour by 2020 would substantially increase aggregate output in the US economy.,Strongly Disagree,8,NA,-2
2015-09-22,US,15_minimum_wage,B,2015_09_22_15_minimum_wage_B,Auerbach,Alan,alan_auerbach,Increasing the federal minimum wage gradually to $15-per-hour by 2020 would substantially increase aggregate output in the US economy.,Strongly Disagree,7,NA,-2
2015-09-22,US,15_minimum_wage,B,2015_09_22_15_minimum_wage_B,Autor,David,david_autor,Increasing the federal minimum wage gradually to $15-per-hour by 2020 would substantially increase aggregate output in the US economy.,Disagree,6,"If it had any net positive effect, it would likely be very modest.",-1
2015-09-22,US,15_minimum_wage,B,2015_09_22_15_minimum_wage_B,Baicker,Katherine,katherine_baicker,Increasing the federal minimum wage gradually to $15-per-hour by 2020 would substantially increase aggregate output in the US economy.,Disagree,2,NA,-1
2015-09-22,US,15_minimum_wage,B,2015_09_22_15_minimum_wage_B,Banerjee,Abhijit,abhijit_banerjee,Increasing the federal minimum wage gradually to $15-per-hour by 2020 would substantially increase aggregate output in the US economy.,Uncertain,5,NA,0
2015-09-22,US,15_minimum_wage,B,2015_09_22_15_minimum_wage_B,Bertrand,Marianne,marianne_bertrand,Increasing the federal minimum wage gradually to $15-per-hour by 2020 would substantially increase aggregate output in the US economy.,Uncertain,4,NA,0
2015-09-22,US,15_minimum_wage,B,2015_09_22_15_minimum_wage_B,Brunnermeier,Markus,markus_brunnermeier,Increasing the federal minimum wage gradually to $15-per-hour by 2020 would substantially increase aggregate output in the US economy.,Uncertain,5,It would generate extra demand provided that low-skilled citizen still find jobs and remain integrated in the society.,0
2015-09-22,US,15_minimum_wage,B,2015_09_22_15_minimum_wage_B,Chetty,Raj,raj_chetty,Increasing the federal minimum wage gradually to $15-per-hour by 2020 would substantially increase aggregate output in the US economy.,Disagree,7,NA,-1
2015-09-22,US,15_minimum_wage,B,2015_09_22_15_minimum_wage_B,Chevalier,Judith,judith_chevalier,Increasing the federal minimum wage gradually to $15-per-hour by 2020 would substantially increase aggregate output in the US economy.,Did Not Answer,NA,NA,NA
2015-09-22,US,15_minimum_wage,B,2015_09_22_15_minimum_wage_B,Cutler,David,david_cutler,Increasing the federal minimum wage gradually to $15-per-hour by 2020 would substantially increase aggregate output in the US economy.,Disagree,5,NA,-1
2015-09-22,US,15_minimum_wage,B,2015_09_22_15_minimum_wage_B,Deaton,Angus,angus_deaton,Increasing the federal minimum wage gradually to $15-per-hour by 2020 would substantially increase aggregate output in the US economy.,Agree,7,NA,1
2015-09-22,US,15_minimum_wage,B,2015_09_22_15_minimum_wage_B,Duffie,Darrell,darrell_duffie,Increasing the federal minimum wage gradually to $15-per-hour by 2020 would substantially increase aggregate output in the US economy.,Uncertain,3,"Because of labor market frictions and given the high propensity of low-income workers to consume, the effect is uncertain to me..",0
2015-09-22,US,15_minimum_wage,B,2015_09_22_15_minimum_wage_B,Edlin,Aaron,aaron_edlin,Increasing the federal minimum wage gradually to $15-per-hour by 2020 would substantially increase aggregate output in the US economy.,Disagree,4,NA,-1
2015-09-22,US,15_minimum_wage,B,2015_09_22_15_minimum_wage_B,Eichengreen,Barry,barry_eichengreen,Increasing the federal minimum wage gradually to $15-per-hour by 2020 would substantially increase aggregate output in the US economy.,Uncertain,6,"Small demand-side effects and uncertain supply-side effects make it hard to conclude in favor of ""substantially"" higher.",0
2015-09-22,US,15_minimum_wage,B,2015_09_22_15_minimum_wage_B,Einav,Liran,liran_einav,Increasing the federal minimum wage gradually to $15-per-hour by 2020 would substantially increase aggregate output in the US economy.,Disagree,5,NA,-1
2015-09-22,US,15_minimum_wage,B,2015_09_22_15_minimum_wage_B,Fair,Ray,ray_fair,Increasing the federal minimum wage gradually to $15-per-hour by 2020 would substantially increase aggregate output in the US economy.,Disagree,8,NA,-1
2015-09-22,US,15_minimum_wage,B,2015_09_22_15_minimum_wage_B,Finkelstein,Amy,amy_finkelstein,Increasing the federal minimum wage gradually to $15-per-hour by 2020 would substantially increase aggregate output in the US economy.,Did Not Answer,NA,NA,NA
2015-09-22,US,15_minimum_wage,B,2015_09_22_15_minimum_wage_B,Goldberg,Pinelopi,pinelopi_goldberg,Increasing the federal minimum wage gradually to $15-per-hour by 2020 would substantially increase aggregate output in the US economy.,Disagree,5,NA,-1
2015-09-22,US,15_minimum_wage,B,2015_09_22_15_minimum_wage_B,Goolsbee,Austan,austan_goolsbee,Increasing the federal minimum wage gradually to $15-per-hour by 2020 would substantially increase aggregate output in the US economy.,Uncertain,1,NA,0
2015-09-22,US,15_minimum_wage,B,2015_09_22_15_minimum_wage_B,Greenstone,Michael,michael_greenstone,Increasing the federal minimum wage gradually to $15-per-hour by 2020 would substantially increase aggregate output in the US economy.,Did Not Answer,NA,NA,NA
2015-09-22,US,15_minimum_wage,B,2015_09_22_15_minimum_wage_B,Hall,Robert,robert_hall,Increasing the federal minimum wage gradually to $15-per-hour by 2020 would substantially increase aggregate output in the US economy.,Disagree,8,Does anybody have a mechanism in mind that would raise output? Stigler's argument that a min wage might not harm employment does not support,-1
2015-09-22,US,15_minimum_wage,B,2015_09_22_15_minimum_wage_B,Hart,Oliver,oliver_hart,Increasing the federal minimum wage gradually to $15-per-hour by 2020 would substantially increase aggregate output in the US economy.,Uncertain,5,If employment not much affected and redistribution to workers demand could rise. But if sizable unemployment opposite could occur.,0
2015-09-22,US,15_minimum_wage,B,2015_09_22_15_minimum_wage_B,Holmström,Bengt,bengt_holmstrm,Increasing the federal minimum wage gradually to $15-per-hour by 2020 would substantially increase aggregate output in the US economy.,Uncertain,4,NA,0
2015-09-22,US,15_minimum_wage,B,2015_09_22_15_minimum_wage_B,Hoxby,Caroline,caroline_hoxby,Increasing the federal minimum wage gradually to $15-per-hour by 2020 would substantially increase aggregate output in the US economy.,Did Not Answer,NA,NA,NA
2015-09-22,US,15_minimum_wage,B,2015_09_22_15_minimum_wage_B,Hoynes,Hilary,hilary_hoynes,Increasing the federal minimum wage gradually to $15-per-hour by 2020 would substantially increase aggregate output in the US economy.,Uncertain,5,NA,0
2015-09-22,US,15_minimum_wage,B,2015_09_22_15_minimum_wage_B,Judd,Kenneth,kenneth_judd,Increasing the federal minimum wage gradually to $15-per-hour by 2020 would substantially increase aggregate output in the US economy.,Strongly Disagree,9,NA,-2
2015-09-22,US,15_minimum_wage,B,2015_09_22_15_minimum_wage_B,Kaplan,Steven,steven_kaplan,Increasing the federal minimum wage gradually to $15-per-hour by 2020 would substantially increase aggregate output in the US economy.,Strongly Disagree,10,"France, Italy, etc. have done this -- making it expensive to hire entry level workers -- contributing to low growth and high unemployment.",-2
2015-09-22,US,15_minimum_wage,B,2015_09_22_15_minimum_wage_B,Kashyap,Anil,anil_kashyap,Increasing the federal minimum wage gradually to $15-per-hour by 2020 would substantially increase aggregate output in the US economy.,Disagree,1,"Given ambiguous employment effects and the aggregate share of people getting raises, I doubt you get ""substantially"" more output.",-1
2015-09-22,US,15_minimum_wage,B,2015_09_22_15_minimum_wage_B,Klenow,Pete,pete_klenow,Increasing the federal minimum wage gradually to $15-per-hour by 2020 would substantially increase aggregate output in the US economy.,Strongly Disagree,5,NA,-2
2015-09-22,US,15_minimum_wage,B,2015_09_22_15_minimum_wage_B,Levin,Jonathan,jonathan_levin,Increasing the federal minimum wage gradually to $15-per-hour by 2020 would substantially increase aggregate output in the US economy.,Uncertain,4,NA,0
2015-09-22,US,15_minimum_wage,B,2015_09_22_15_minimum_wage_B,Maskin,Eric,eric_maskin,Increasing the federal minimum wage gradually to $15-per-hour by 2020 would substantially increase aggregate output in the US economy.,Uncertain,5,"Aggregate demand should be bolstered, but the wage increase is so big that it's hard to predict what would happen with much confidence",0
2015-09-22,US,15_minimum_wage,B,2015_09_22_15_minimum_wage_B,Nordhaus,William,william_nordhaus,Increasing the federal minimum wage gradually to $15-per-hour by 2020 would substantially increase aggregate output in the US economy.,Strongly Disagree,8,"Probably slight lowering of potential output, but < 1%.",-2
2015-09-22,US,15_minimum_wage,B,2015_09_22_15_minimum_wage_B,Saez,Emmanuel,emmanuel_saez,Increasing the federal minimum wage gradually to $15-per-hour by 2020 would substantially increase aggregate output in the US economy.,Disagree,5,NA,-1
2015-09-22,US,15_minimum_wage,B,2015_09_22_15_minimum_wage_B,Samuelson,Larry,larry_samuelson,Increasing the federal minimum wage gradually to $15-per-hour by 2020 would substantially increase aggregate output in the US economy.,Uncertain,1,NA,0
2015-09-22,US,15_minimum_wage,B,2015_09_22_15_minimum_wage_B,Scheinkman,José,jos_scheinkman,Increasing the federal minimum wage gradually to $15-per-hour by 2020 would substantially increase aggregate output in the US economy.,Disagree,5,NA,-1
2015-09-22,US,15_minimum_wage,B,2015_09_22_15_minimum_wage_B,Schmalensee,Richard,richard_schmalensee,Increasing the federal minimum wage gradually to $15-per-hour by 2020 would substantially increase aggregate output in the US economy.,Disagree,5,Not a plausible stimulus package.,-1
2015-09-22,US,15_minimum_wage,B,2015_09_22_15_minimum_wage_B,Shapiro,Carl,carl_shapiro,Increasing the federal minimum wage gradually to $15-per-hour by 2020 would substantially increase aggregate output in the US economy.,Did Not Answer,NA,NA,NA
2015-09-22,US,15_minimum_wage,B,2015_09_22_15_minimum_wage_B,Shimer,Robert,robert_shimer,Increasing the federal minimum wage gradually to $15-per-hour by 2020 would substantially increase aggregate output in the US economy.,Strongly Disagree,7,NA,-2
2015-09-22,US,15_minimum_wage,B,2015_09_22_15_minimum_wage_B,Thaler,Richard,richard_thaler,Increasing the federal minimum wage gradually to $15-per-hour by 2020 would substantially increase aggregate output in the US economy.,Disagree,3,"Again, any effects are likely to be small.",-1
2015-09-22,US,15_minimum_wage,B,2015_09_22_15_minimum_wage_B,Udry,Christopher,christopher_udry,Increasing the federal minimum wage gradually to $15-per-hour by 2020 would substantially increase aggregate output in the US economy.,Uncertain,6,NA,0
2016-11-16,US,100_day_plan,A,2016_11_16_100_day_plan_A,Acemoglu,Daron,daron_acemoglu,"If all of the “Seven actions to protect American workers” in President-elect Trump’s 100-day plan (see link) are enacted, it will more likely than not improve the economic prospects of middle-class Americans over the next decade.",Disagree,5,"Even if we no longer import from and offshore to China and Mexico, manufacturing jobs won't come back. If they did, they would before robots",-1
2016-11-16,US,100_day_plan,A,2016_11_16_100_day_plan_A,Alesina,Alberto,alberto_alesina,"If all of the “Seven actions to protect American workers” in President-elect Trump’s 100-day plan (see link) are enacted, it will more likely than not improve the economic prospects of middle-class Americans over the next decade.",Did Not Answer,NA,NA,NA
2016-11-16,US,100_day_plan,A,2016_11_16_100_day_plan_A,Altonji,Joseph,joseph_altonji,"If all of the “Seven actions to protect American workers” in President-elect Trump’s 100-day plan (see link) are enacted, it will more likely than not improve the economic prospects of middle-class Americans over the next decade.",Did Not Answer,NA,NA,NA
2016-11-16,US,100_day_plan,A,2016_11_16_100_day_plan_A,Auerbach,Alan,alan_auerbach,"If all of the “Seven actions to protect American workers” in President-elect Trump’s 100-day plan (see link) are enacted, it will more likely than not improve the economic prospects of middle-class Americans over the next decade.",Disagree,4,NA,-1
2016-11-16,US,100_day_plan,A,2016_11_16_100_day_plan_A,Autor,David,david_autor,"If all of the “Seven actions to protect American workers” in President-elect Trump’s 100-day plan (see link) are enacted, it will more likely than not improve the economic prospects of middle-class Americans over the next decade.",Disagree,6,Many of these actions will make the average American poorer over the long run. Whether the long run arrives within 10 years is uncertain.,-1
2016-11-16,US,100_day_plan,A,2016_11_16_100_day_plan_A,Baicker,Katherine,katherine_baicker,"If all of the “Seven actions to protect American workers” in President-elect Trump’s 100-day plan (see link) are enacted, it will more likely than not improve the economic prospects of middle-class Americans over the next decade.",Did Not Answer,NA,NA,NA
2016-11-16,US,100_day_plan,A,2016_11_16_100_day_plan_A,Banerjee,Abhijit,abhijit_banerjee,"If all of the “Seven actions to protect American workers” in President-elect Trump’s 100-day plan (see link) are enacted, it will more likely than not improve the economic prospects of middle-class Americans over the next decade.",Disagree,6,NA,-1
2016-11-16,US,100_day_plan,A,2016_11_16_100_day_plan_A,Bertrand,Marianne,marianne_bertrand,"If all of the “Seven actions to protect American workers” in President-elect Trump’s 100-day plan (see link) are enacted, it will more likely than not improve the economic prospects of middle-class Americans over the next decade.",Disagree,5,NA,-1
2016-11-16,US,100_day_plan,A,2016_11_16_100_day_plan_A,Brunnermeier,Markus,markus_brunnermeier,"If all of the “Seven actions to protect American workers” in President-elect Trump’s 100-day plan (see link) are enacted, it will more likely than not improve the economic prospects of middle-class Americans over the next decade.",Did Not Answer,NA,NA,NA
2016-11-16,US,100_day_plan,A,2016_11_16_100_day_plan_A,Chetty,Raj,raj_chetty,"If all of the “Seven actions to protect American workers” in President-elect Trump’s 100-day plan (see link) are enacted, it will more likely than not improve the economic prospects of middle-class Americans over the next decade.",Did Not Answer,NA,NA,NA
2016-11-16,US,100_day_plan,A,2016_11_16_100_day_plan_A,Chevalier,Judith,judith_chevalier,"If all of the “Seven actions to protect American workers” in President-elect Trump’s 100-day plan (see link) are enacted, it will more likely than not improve the economic prospects of middle-class Americans over the next decade.",Strongly Disagree,9,Where do I start?,-2
2016-11-16,US,100_day_plan,A,2016_11_16_100_day_plan_A,Cutler,David,david_cutler,"If all of the “Seven actions to protect American workers” in President-elect Trump’s 100-day plan (see link) are enacted, it will more likely than not improve the economic prospects of middle-class Americans over the next decade.",Strongly Disagree,4,NA,-2
2016-11-16,US,100_day_plan,A,2016_11_16_100_day_plan_A,Deaton,Angus,angus_deaton,"If all of the “Seven actions to protect American workers” in President-elect Trump’s 100-day plan (see link) are enacted, it will more likely than not improve the economic prospects of middle-class Americans over the next decade.",Disagree,6,NA,-1
2016-11-16,US,100_day_plan,A,2016_11_16_100_day_plan_A,Duffie,Darrell,darrell_duffie,"If all of the “Seven actions to protect American workers” in President-elect Trump’s 100-day plan (see link) are enacted, it will more likely than not improve the economic prospects of middle-class Americans over the next decade.",Disagree,2,NA,-1
2016-11-16,US,100_day_plan,A,2016_11_16_100_day_plan_A,Edlin,Aaron,aaron_edlin,"If all of the “Seven actions to protect American workers” in President-elect Trump’s 100-day plan (see link) are enacted, it will more likely than not improve the economic prospects of middle-class Americans over the next decade.",Disagree,7,NA,-1
2016-11-16,US,100_day_plan,A,2016_11_16_100_day_plan_A,Eichengreen,Barry,barry_eichengreen,"If all of the “Seven actions to protect American workers” in President-elect Trump’s 100-day plan (see link) are enacted, it will more likely than not improve the economic prospects of middle-class Americans over the next decade.",Disagree,8,"Short term fiscal stimulus will be a + for the MC but then the negatives (investor uncertainty, inequality, geopolitical risk) will dominate",-1
2016-11-16,US,100_day_plan,A,2016_11_16_100_day_plan_A,Einav,Liran,liran_einav,"If all of the “Seven actions to protect American workers” in President-elect Trump’s 100-day plan (see link) are enacted, it will more likely than not improve the economic prospects of middle-class Americans over the next decade.",Strongly Disagree,5,NA,-2
2016-11-16,US,100_day_plan,A,2016_11_16_100_day_plan_A,Fair,Ray,ray_fair,"If all of the “Seven actions to protect American workers” in President-elect Trump’s 100-day plan (see link) are enacted, it will more likely than not improve the economic prospects of middle-class Americans over the next decade.",Disagree,5,NA,-1
2016-11-16,US,100_day_plan,A,2016_11_16_100_day_plan_A,Finkelstein,Amy,amy_finkelstein,"If all of the “Seven actions to protect American workers” in President-elect Trump’s 100-day plan (see link) are enacted, it will more likely than not improve the economic prospects of middle-class Americans over the next decade.",Did Not Answer,NA,NA,NA
2016-11-16,US,100_day_plan,A,2016_11_16_100_day_plan_A,Goldberg,Pinelopi,pinelopi_goldberg,"If all of the “Seven actions to protect American workers” in President-elect Trump’s 100-day plan (see link) are enacted, it will more likely than not improve the economic prospects of middle-class Americans over the next decade.",Did Not Answer,NA,NA,NA
2016-11-16,US,100_day_plan,A,2016_11_16_100_day_plan_A,Goolsbee,Austan,austan_goolsbee,"If all of the “Seven actions to protect American workers” in President-elect Trump’s 100-day plan (see link) are enacted, it will more likely than not improve the economic prospects of middle-class Americans over the next decade.",Strongly Disagree,10,not even funny anymore,-2
2016-11-16,US,100_day_plan,A,2016_11_16_100_day_plan_A,Greenstone,Michael,michael_greenstone,"If all of the “Seven actions to protect American workers” in President-elect Trump’s 100-day plan (see link) are enacted, it will more likely than not improve the economic prospects of middle-class Americans over the next decade.",Strongly Disagree,7,NA,-2
2016-11-16,US,100_day_plan,A,2016_11_16_100_day_plan_A,Hall,Robert,robert_hall,"If all of the “Seven actions to protect American workers” in President-elect Trump’s 100-day plan (see link) are enacted, it will more likely than not improve the economic prospects of middle-class Americans over the next decade.",Did Not Answer,NA,NA,NA
2016-11-16,US,100_day_plan,A,2016_11_16_100_day_plan_A,Hart,Oliver,oliver_hart,"If all of the “Seven actions to protect American workers” in President-elect Trump’s 100-day plan (see link) are enacted, it will more likely than not improve the economic prospects of middle-class Americans over the next decade.",Disagree,6,Many forces are responsible for middle-class people feeling left behind. These policies may make things worse by raising prices of imports.,-1
2016-11-16,US,100_day_plan,A,2016_11_16_100_day_plan_A,Holmström,Bengt,bengt_holmstrm,"If all of the “Seven actions to protect American workers” in President-elect Trump’s 100-day plan (see link) are enacted, it will more likely than not improve the economic prospects of middle-class Americans over the next decade.",No Opinion,NA,Too many dramatic changes and conflicting forces to have more than a hunch.,NA
2016-11-16,US,100_day_plan,A,2016_11_16_100_day_plan_A,Hoxby,Caroline,caroline_hoxby,"If all of the “Seven actions to protect American workers” in President-elect Trump’s 100-day plan (see link) are enacted, it will more likely than not improve the economic prospects of middle-class Americans over the next decade.",Did Not Answer,NA,NA,NA
2016-11-16,US,100_day_plan,A,2016_11_16_100_day_plan_A,Hoynes,Hilary,hilary_hoynes,"If all of the “Seven actions to protect American workers” in President-elect Trump’s 100-day plan (see link) are enacted, it will more likely than not improve the economic prospects of middle-class Americans over the next decade.",Strongly Disagree,9,NA,-2
2016-11-16,US,100_day_plan,A,2016_11_16_100_day_plan_A,Judd,Kenneth,kenneth_judd,"If all of the “Seven actions to protect American workers” in President-elect Trump’s 100-day plan (see link) are enacted, it will more likely than not improve the economic prospects of middle-class Americans over the next decade.",Strongly Disagree,8,NA,-2
2016-11-16,US,100_day_plan,A,2016_11_16_100_day_plan_A,Kaplan,Steven,steven_kaplan,"If all of the “Seven actions to protect American workers” in President-elect Trump’s 100-day plan (see link) are enacted, it will more likely than not improve the economic prospects of middle-class Americans over the next decade.",Uncertain,8,"Trade proposals negative; energy proposals positive.  Net effect uncertain.  Regulatory relief also positive, but not among 7 actions.",0
2016-11-16,US,100_day_plan,A,2016_11_16_100_day_plan_A,Kashyap,Anil,anil_kashyap,"If all of the “Seven actions to protect American workers” in President-elect Trump’s 100-day plan (see link) are enacted, it will more likely than not improve the economic prospects of middle-class Americans over the next decade.",Uncertain,5,"shutting down trade will be bad for most people, the jobs are not coming back, the infrastructure gains might be good",0
2016-11-16,US,100_day_plan,A,2016_11_16_100_day_plan_A,Klenow,Pete,pete_klenow,"If all of the “Seven actions to protect American workers” in President-elect Trump’s 100-day plan (see link) are enacted, it will more likely than not improve the economic prospects of middle-class Americans over the next decade.",Strongly Disagree,6,NA,-2
2016-11-16,US,100_day_plan,A,2016_11_16_100_day_plan_A,Levin,Jonathan,jonathan_levin,"If all of the “Seven actions to protect American workers” in President-elect Trump’s 100-day plan (see link) are enacted, it will more likely than not improve the economic prospects of middle-class Americans over the next decade.",Did Not Answer,NA,NA,NA
2016-11-16,US,100_day_plan,A,2016_11_16_100_day_plan_A,Maskin,Eric,eric_maskin,"If all of the “Seven actions to protect American workers” in President-elect Trump’s 100-day plan (see link) are enacted, it will more likely than not improve the economic prospects of middle-class Americans over the next decade.",Disagree,7,NA,-1
2016-11-16,US,100_day_plan,A,2016_11_16_100_day_plan_A,Nordhaus,William,william_nordhaus,"If all of the “Seven actions to protect American workers” in President-elect Trump’s 100-day plan (see link) are enacted, it will more likely than not improve the economic prospects of middle-class Americans over the next decade.",Disagree,3,Plan is basically to raise trade barriers. Will scramble markets and raise prices. Hard to see any benefits but cloudy cristal ball here.,-1
2016-11-16,US,100_day_plan,A,2016_11_16_100_day_plan_A,Saez,Emmanuel,emmanuel_saez,"If all of the “Seven actions to protect American workers” in President-elect Trump’s 100-day plan (see link) are enacted, it will more likely than not improve the economic prospects of middle-class Americans over the next decade.",Disagree,6,NA,-1
2016-11-16,US,100_day_plan,A,2016_11_16_100_day_plan_A,Samuelson,Larry,larry_samuelson,"If all of the “Seven actions to protect American workers” in President-elect Trump’s 100-day plan (see link) are enacted, it will more likely than not improve the economic prospects of middle-class Americans over the next decade.",Disagree,6,"The proposals are too vague to assess with any confidence, but the seeming isolationist theme is not encouraging.",-1
2016-11-16,US,100_day_plan,A,2016_11_16_100_day_plan_A,Scheinkman,José,jos_scheinkman,"If all of the “Seven actions to protect American workers” in President-elect Trump’s 100-day plan (see link) are enacted, it will more likely than not improve the economic prospects of middle-class Americans over the next decade.",Strongly Disagree,8,"Though negative impact on climate change may take longer to show up, trade proposals should have negative effects in shorter time-frame.",-2
2016-11-16,US,100_day_plan,A,2016_11_16_100_day_plan_A,Schmalensee,Richard,richard_schmalensee,"If all of the “Seven actions to protect American workers” in President-elect Trump’s 100-day plan (see link) are enacted, it will more likely than not improve the economic prospects of middle-class Americans over the next decade.",Disagree,4,NA,-1
2016-11-16,US,100_day_plan,A,2016_11_16_100_day_plan_A,Shapiro,Carl,carl_shapiro,"If all of the “Seven actions to protect American workers” in President-elect Trump’s 100-day plan (see link) are enacted, it will more likely than not improve the economic prospects of middle-class Americans over the next decade.",Did Not Answer,NA,NA,NA
2016-11-16,US,100_day_plan,A,2016_11_16_100_day_plan_A,Shimer,Robert,robert_shimer,"If all of the “Seven actions to protect American workers” in President-elect Trump’s 100-day plan (see link) are enacted, it will more likely than not improve the economic prospects of middle-class Americans over the next decade.",Strongly Disagree,7,NA,-2
2016-11-16,US,100_day_plan,A,2016_11_16_100_day_plan_A,Thaler,Richard,richard_thaler,"If all of the “Seven actions to protect American workers” in President-elect Trump’s 100-day plan (see link) are enacted, it will more likely than not improve the economic prospects of middle-class Americans over the next decade.",Strongly Disagree,5,NA,-2
2016-11-16,US,100_day_plan,A,2016_11_16_100_day_plan_A,Udry,Christopher,christopher_udry,"If all of the “Seven actions to protect American workers” in President-elect Trump’s 100-day plan (see link) are enacted, it will more likely than not improve the economic prospects of middle-class Americans over the next decade.",Strongly Disagree,9,"These 7 actions are symbolism (5, 6), actions with trivial immediate but disastrous long run consequences (7) or threats of trade war (1-4)",-2
2016-11-16,US,100_day_plan,B,2016_11_16_100_day_plan_B,Acemoglu,Daron,daron_acemoglu,"If all of the “Seven actions to protect American workers” in President-elect Trump’s 100-day plan are enacted, it will more likely than not improve the economic prospects of low-skilled Americans over the next decade.",Disagree,5,"Increased infrastructure spending could help construction, but the overall plan won't help workers & will likely reduce medium term growth.",-1
2016-11-16,US,100_day_plan,B,2016_11_16_100_day_plan_B,Alesina,Alberto,alberto_alesina,"If all of the “Seven actions to protect American workers” in President-elect Trump’s 100-day plan are enacted, it will more likely than not improve the economic prospects of low-skilled Americans over the next decade.",Did Not Answer,NA,NA,NA
2016-11-16,US,100_day_plan,B,2016_11_16_100_day_plan_B,Altonji,Joseph,joseph_altonji,"If all of the “Seven actions to protect American workers” in President-elect Trump’s 100-day plan are enacted, it will more likely than not improve the economic prospects of low-skilled Americans over the next decade.",Did Not Answer,NA,NA,NA
2016-11-16,US,100_day_plan,B,2016_11_16_100_day_plan_B,Auerbach,Alan,alan_auerbach,"If all of the “Seven actions to protect American workers” in President-elect Trump’s 100-day plan are enacted, it will more likely than not improve the economic prospects of low-skilled Americans over the next decade.",Disagree,4,NA,-1
2016-11-16,US,100_day_plan,B,2016_11_16_100_day_plan_B,Autor,David,david_autor,"If all of the “Seven actions to protect American workers” in President-elect Trump’s 100-day plan are enacted, it will more likely than not improve the economic prospects of low-skilled Americans over the next decade.",Agree,7,"Policies that raise import prices, deregulate dirty industries, and launch big infrastructure projects will boost non-college wages and jobs",1
2016-11-16,US,100_day_plan,B,2016_11_16_100_day_plan_B,Baicker,Katherine,katherine_baicker,"If all of the “Seven actions to protect American workers” in President-elect Trump’s 100-day plan are enacted, it will more likely than not improve the economic prospects of low-skilled Americans over the next decade.",Did Not Answer,NA,NA,NA
2016-11-16,US,100_day_plan,B,2016_11_16_100_day_plan_B,Banerjee,Abhijit,abhijit_banerjee,"If all of the “Seven actions to protect American workers” in President-elect Trump’s 100-day plan are enacted, it will more likely than not improve the economic prospects of low-skilled Americans over the next decade.",Disagree,7,NA,-1
2016-11-16,US,100_day_plan,B,2016_11_16_100_day_plan_B,Bertrand,Marianne,marianne_bertrand,"If all of the “Seven actions to protect American workers” in President-elect Trump’s 100-day plan are enacted, it will more likely than not improve the economic prospects of low-skilled Americans over the next decade.",Disagree,5,NA,-1
2016-11-16,US,100_day_plan,B,2016_11_16_100_day_plan_B,Brunnermeier,Markus,markus_brunnermeier,"If all of the “Seven actions to protect American workers” in President-elect Trump’s 100-day plan are enacted, it will more likely than not improve the economic prospects of low-skilled Americans over the next decade.",Did Not Answer,NA,NA,NA
2016-11-16,US,100_day_plan,B,2016_11_16_100_day_plan_B,Chetty,Raj,raj_chetty,"If all of the “Seven actions to protect American workers” in President-elect Trump’s 100-day plan are enacted, it will more likely than not improve the economic prospects of low-skilled Americans over the next decade.",Did Not Answer,NA,NA,NA
2016-11-16,US,100_day_plan,B,2016_11_16_100_day_plan_B,Chevalier,Judith,judith_chevalier,"If all of the “Seven actions to protect American workers” in President-elect Trump’s 100-day plan are enacted, it will more likely than not improve the economic prospects of low-skilled Americans over the next decade.",Strongly Disagree,8,NA,-2
2016-11-16,US,100_day_plan,B,2016_11_16_100_day_plan_B,Cutler,David,david_cutler,"If all of the “Seven actions to protect American workers” in President-elect Trump’s 100-day plan are enacted, it will more likely than not improve the economic prospects of low-skilled Americans over the next decade.",Strongly Disagree,6,NA,-2
2016-11-16,US,100_day_plan,B,2016_11_16_100_day_plan_B,Deaton,Angus,angus_deaton,"If all of the “Seven actions to protect American workers” in President-elect Trump’s 100-day plan are enacted, it will more likely than not improve the economic prospects of low-skilled Americans over the next decade.",Disagree,6,NA,-1
2016-11-16,US,100_day_plan,B,2016_11_16_100_day_plan_B,Duffie,Darrell,darrell_duffie,"If all of the “Seven actions to protect American workers” in President-elect Trump’s 100-day plan are enacted, it will more likely than not improve the economic prospects of low-skilled Americans over the next decade.",Uncertain,2,NA,0
2016-11-16,US,100_day_plan,B,2016_11_16_100_day_plan_B,Edlin,Aaron,aaron_edlin,"If all of the “Seven actions to protect American workers” in President-elect Trump’s 100-day plan are enacted, it will more likely than not improve the economic prospects of low-skilled Americans over the next decade.",Disagree,7,NA,-1
2016-11-16,US,100_day_plan,B,2016_11_16_100_day_plan_B,Eichengreen,Barry,barry_eichengreen,"If all of the “Seven actions to protect American workers” in President-elect Trump’s 100-day plan are enacted, it will more likely than not improve the economic prospects of low-skilled Americans over the next decade.",Strongly Disagree,10,Previous answer squared...,-2
2016-11-16,US,100_day_plan,B,2016_11_16_100_day_plan_B,Einav,Liran,liran_einav,"If all of the “Seven actions to protect American workers” in President-elect Trump’s 100-day plan are enacted, it will more likely than not improve the economic prospects of low-skilled Americans over the next decade.",Disagree,5,NA,-1
2016-11-16,US,100_day_plan,B,2016_11_16_100_day_plan_B,Fair,Ray,ray_fair,"If all of the “Seven actions to protect American workers” in President-elect Trump’s 100-day plan are enacted, it will more likely than not improve the economic prospects of low-skilled Americans over the next decade.",Disagree,5,NA,-1
2016-11-16,US,100_day_plan,B,2016_11_16_100_day_plan_B,Finkelstein,Amy,amy_finkelstein,"If all of the “Seven actions to protect American workers” in President-elect Trump’s 100-day plan are enacted, it will more likely than not improve the economic prospects of low-skilled Americans over the next decade.",Did Not Answer,NA,NA,NA
2016-11-16,US,100_day_plan,B,2016_11_16_100_day_plan_B,Goldberg,Pinelopi,pinelopi_goldberg,"If all of the “Seven actions to protect American workers” in President-elect Trump’s 100-day plan are enacted, it will more likely than not improve the economic prospects of low-skilled Americans over the next decade.",Did Not Answer,NA,NA,NA
2016-11-16,US,100_day_plan,B,2016_11_16_100_day_plan_B,Goolsbee,Austan,austan_goolsbee,"If all of the “Seven actions to protect American workers” in President-elect Trump’s 100-day plan are enacted, it will more likely than not improve the economic prospects of low-skilled Americans over the next decade.",Strongly Disagree,10,"oh, please",-2
2016-11-16,US,100_day_plan,B,2016_11_16_100_day_plan_B,Greenstone,Michael,michael_greenstone,"If all of the “Seven actions to protect American workers” in President-elect Trump’s 100-day plan are enacted, it will more likely than not improve the economic prospects of low-skilled Americans over the next decade.",Strongly Disagree,7,NA,-2
2016-11-16,US,100_day_plan,B,2016_11_16_100_day_plan_B,Hall,Robert,robert_hall,"If all of the “Seven actions to protect American workers” in President-elect Trump’s 100-day plan are enacted, it will more likely than not improve the economic prospects of low-skilled Americans over the next decade.",Did Not Answer,NA,NA,NA
2016-11-16,US,100_day_plan,B,2016_11_16_100_day_plan_B,Hart,Oliver,oliver_hart,"If all of the “Seven actions to protect American workers” in President-elect Trump’s 100-day plan are enacted, it will more likely than not improve the economic prospects of low-skilled Americans over the next decade.",Disagree,6,"Many forces are responsible for working-class people being left behind, including automation. It is hard to turn the clock back.",-1
2016-11-16,US,100_day_plan,B,2016_11_16_100_day_plan_B,Holmström,Bengt,bengt_holmstrm,"If all of the “Seven actions to protect American workers” in President-elect Trump’s 100-day plan are enacted, it will more likely than not improve the economic prospects of low-skilled Americans over the next decade.",No Opinion,NA,NA,NA
2016-11-16,US,100_day_plan,B,2016_11_16_100_day_plan_B,Hoxby,Caroline,caroline_hoxby,"If all of the “Seven actions to protect American workers” in President-elect Trump’s 100-day plan are enacted, it will more likely than not improve the economic prospects of low-skilled Americans over the next decade.",Did Not Answer,NA,NA,NA
2016-11-16,US,100_day_plan,B,2016_11_16_100_day_plan_B,Hoynes,Hilary,hilary_hoynes,"If all of the “Seven actions to protect American workers” in President-elect Trump’s 100-day plan are enacted, it will more likely than not improve the economic prospects of low-skilled Americans over the next decade.",Strongly Disagree,9,NA,-2
2016-11-16,US,100_day_plan,B,2016_11_16_100_day_plan_B,Judd,Kenneth,kenneth_judd,"If all of the “Seven actions to protect American workers” in President-elect Trump’s 100-day plan are enacted, it will more likely than not improve the economic prospects of low-skilled Americans over the next decade.",Strongly Disagree,8,NA,-2
2016-11-16,US,100_day_plan,B,2016_11_16_100_day_plan_B,Kaplan,Steven,steven_kaplan,"If all of the “Seven actions to protect American workers” in President-elect Trump’s 100-day plan are enacted, it will more likely than not improve the economic prospects of low-skilled Americans over the next decade.",Uncertain,8,"Trade proposals negative; energy proposals positive.  Net effect uncertain.  Regulatory relief also positive, but not among 7 actions.",0
2016-11-16,US,100_day_plan,B,2016_11_16_100_day_plan_B,Kashyap,Anil,anil_kashyap,"If all of the “Seven actions to protect American workers” in President-elect Trump’s 100-day plan are enacted, it will more likely than not improve the economic prospects of low-skilled Americans over the next decade.",Uncertain,3,"if lower quality imports are restricted probably hurts the poor more, but as with the first question there are offsetting effects",0
2016-11-16,US,100_day_plan,B,2016_11_16_100_day_plan_B,Klenow,Pete,pete_klenow,"If all of the “Seven actions to protect American workers” in President-elect Trump’s 100-day plan are enacted, it will more likely than not improve the economic prospects of low-skilled Americans over the next decade.",Strongly Disagree,6,NA,-2
2016-11-16,US,100_day_plan,B,2016_11_16_100_day_plan_B,Levin,Jonathan,jonathan_levin,"If all of the “Seven actions to protect American workers” in President-elect Trump’s 100-day plan are enacted, it will more likely than not improve the economic prospects of low-skilled Americans over the next decade.",Did Not Answer,NA,NA,NA
2016-11-16,US,100_day_plan,B,2016_11_16_100_day_plan_B,Maskin,Eric,eric_maskin,"If all of the “Seven actions to protect American workers” in President-elect Trump’s 100-day plan are enacted, it will more likely than not improve the economic prospects of low-skilled Americans over the next decade.",Disagree,7,NA,-1
2016-11-16,US,100_day_plan,B,2016_11_16_100_day_plan_B,Nordhaus,William,william_nordhaus,"If all of the “Seven actions to protect American workers” in President-elect Trump’s 100-day plan are enacted, it will more likely than not improve the economic prospects of low-skilled Americans over the next decade.",Disagree,3,Will raise cost of living with few offsets.,-1
2016-11-16,US,100_day_plan,B,2016_11_16_100_day_plan_B,Saez,Emmanuel,emmanuel_saez,"If all of the “Seven actions to protect American workers” in President-elect Trump’s 100-day plan are enacted, it will more likely than not improve the economic prospects of low-skilled Americans over the next decade.",Uncertain,6,NA,0
2016-11-16,US,100_day_plan,B,2016_11_16_100_day_plan_B,Samuelson,Larry,larry_samuelson,"If all of the “Seven actions to protect American workers” in President-elect Trump’s 100-day plan are enacted, it will more likely than not improve the economic prospects of low-skilled Americans over the next decade.",Disagree,6,"As before, the proposals are too vague to assess with confidence, but have an apparent isolationist theme that is not encouraging.",-1
2016-11-16,US,100_day_plan,B,2016_11_16_100_day_plan_B,Scheinkman,José,jos_scheinkman,"If all of the “Seven actions to protect American workers” in President-elect Trump’s 100-day plan are enacted, it will more likely than not improve the economic prospects of low-skilled Americans over the next decade.",Strongly Disagree,8,"Most low skilled workers would be hurt by higher cost of imports, disruption of global supply chains caused by tariffs and retaliations.",-2
2016-11-16,US,100_day_plan,B,2016_11_16_100_day_plan_B,Schmalensee,Richard,richard_schmalensee,"If all of the “Seven actions to protect American workers” in President-elect Trump’s 100-day plan are enacted, it will more likely than not improve the economic prospects of low-skilled Americans over the next decade.",Disagree,4,"These are not the most important of his proposals, of course.",-1
2016-11-16,US,100_day_plan,B,2016_11_16_100_day_plan_B,Shapiro,Carl,carl_shapiro,"If all of the “Seven actions to protect American workers” in President-elect Trump’s 100-day plan are enacted, it will more likely than not improve the economic prospects of low-skilled Americans over the next decade.",Did Not Answer,NA,NA,NA
2016-11-16,US,100_day_plan,B,2016_11_16_100_day_plan_B,Shimer,Robert,robert_shimer,"If all of the “Seven actions to protect American workers” in President-elect Trump’s 100-day plan are enacted, it will more likely than not improve the economic prospects of low-skilled Americans over the next decade.",Strongly Disagree,7,NA,-2
2016-11-16,US,100_day_plan,B,2016_11_16_100_day_plan_B,Thaler,Richard,richard_thaler,"If all of the “Seven actions to protect American workers” in President-elect Trump’s 100-day plan are enacted, it will more likely than not improve the economic prospects of low-skilled Americans over the next decade.",Strongly Disagree,1,NA,-2
2016-11-16,US,100_day_plan,B,2016_11_16_100_day_plan_B,Udry,Christopher,christopher_udry,"If all of the “Seven actions to protect American workers” in President-elect Trump’s 100-day plan are enacted, it will more likely than not improve the economic prospects of low-skilled Americans over the next decade.",Strongly Disagree,9,"The protectionism of pts 1-4 will benefit some workers, but will hurt most. Even worse if it devolves into trade war.",-2
2021-01-13,US,after_brexit,A,2021_01_13_after_brexit_A,Acemoglu,Daron,daron_acemoglu,The UK economy is likely to be at least several percentage points smaller in 2030 than it would have been if the country had remained in the European Union.,Agree,1,That's my median expectation. Not because of direct effect of less trade but because of worse policies that will result from brexit politics,1
2021-01-13,US,after_brexit,A,2021_01_13_after_brexit_A,Altonji,Joseph,joseph_altonji,The UK economy is likely to be at least several percentage points smaller in 2030 than it would have been if the country had remained in the European Union.,Agree,6,NA,1
2021-01-13,US,after_brexit,A,2021_01_13_after_brexit_A,Auerbach,Alan,alan_auerbach,The UK economy is likely to be at least several percentage points smaller in 2030 than it would have been if the country had remained in the European Union.,Agree,3,NA,1
2021-01-13,US,after_brexit,A,2021_01_13_after_brexit_A,Autor,David,david_autor,The UK economy is likely to be at least several percentage points smaller in 2030 than it would have been if the country had remained in the European Union.,Agree,5,NA,1
2021-01-13,US,after_brexit,A,2021_01_13_after_brexit_A,Baicker,Katherine,katherine_baicker,The UK economy is likely to be at least several percentage points smaller in 2030 than it would have been if the country had remained in the European Union.,Did Not Answer,NA,NA,NA
2021-01-13,US,after_brexit,A,2021_01_13_after_brexit_A,Banerjee,Abhijit,abhijit_banerjee,The UK economy is likely to be at least several percentage points smaller in 2030 than it would have been if the country had remained in the European Union.,Agree,6,NA,1
2021-01-13,US,after_brexit,A,2021_01_13_after_brexit_A,Bertrand,Marianne,marianne_bertrand,The UK economy is likely to be at least several percentage points smaller in 2030 than it would have been if the country had remained in the European Union.,Agree,3,NA,1
2021-01-13,US,after_brexit,A,2021_01_13_after_brexit_A,Brunnermeier,Markus,markus_brunnermeier,The UK economy is likely to be at least several percentage points smaller in 2030 than it would have been if the country had remained in the European Union.,Agree,6,NA,1
2021-01-13,US,after_brexit,A,2021_01_13_after_brexit_A,Chetty,Raj,raj_chetty,The UK economy is likely to be at least several percentage points smaller in 2030 than it would have been if the country had remained in the European Union.,Did Not Answer,NA,NA,NA
2021-01-13,US,after_brexit,A,2021_01_13_after_brexit_A,Chevalier,Judith,judith_chevalier,The UK economy is likely to be at least several percentage points smaller in 2030 than it would have been if the country had remained in the European Union.,Agree,6,Effects on investment and productivity have already been measurable.,1
2021-01-13,US,after_brexit,A,2021_01_13_after_brexit_A,Cutler,David,david_cutler,The UK economy is likely to be at least several percentage points smaller in 2030 than it would have been if the country had remained in the European Union.,Agree,4,NA,1
2021-01-13,US,after_brexit,A,2021_01_13_after_brexit_A,Deaton,Angus,angus_deaton,The UK economy is likely to be at least several percentage points smaller in 2030 than it would have been if the country had remained in the European Union.,Strongly Agree,6,NA,2
2021-01-13,US,after_brexit,A,2021_01_13_after_brexit_A,Duffie,Darrell,darrell_duffie,The UK economy is likely to be at least several percentage points smaller in 2030 than it would have been if the country had remained in the European Union.,Agree,2,NA,1
2021-01-13,US,after_brexit,A,2021_01_13_after_brexit_A,Edlin,Aaron,aaron_edlin,The UK economy is likely to be at least several percentage points smaller in 2030 than it would have been if the country had remained in the European Union.,Uncertain,6,We don’t know yet what trade agreements will replace it.,0
2021-01-13,US,after_brexit,A,2021_01_13_after_brexit_A,Eichengreen,Barry,barry_eichengreen,The UK economy is likely to be at least several percentage points smaller in 2030 than it would have been if the country had remained in the European Union.,Agree,5,NA,1
2021-01-13,US,after_brexit,A,2021_01_13_after_brexit_A,Einav,Liran,liran_einav,The UK economy is likely to be at least several percentage points smaller in 2030 than it would have been if the country had remained in the European Union.,Agree,1,NA,1
2021-01-13,US,after_brexit,A,2021_01_13_after_brexit_A,Fair,Ray,ray_fair,The UK economy is likely to be at least several percentage points smaller in 2030 than it would have been if the country had remained in the European Union.,Agree,4,NA,1
2021-01-13,US,after_brexit,A,2021_01_13_after_brexit_A,Finkelstein,Amy,amy_finkelstein,The UK economy is likely to be at least several percentage points smaller in 2030 than it would have been if the country had remained in the European Union.,Agree,2,NA,1
2021-01-13,US,after_brexit,A,2021_01_13_after_brexit_A,Goldberg,Pinelopi,pinelopi_goldberg,The UK economy is likely to be at least several percentage points smaller in 2030 than it would have been if the country had remained in the European Union.,Uncertain,5,NA,0
2021-01-13,US,after_brexit,A,2021_01_13_after_brexit_A,Goolsbee,Austan,austan_goolsbee,The UK economy is likely to be at least several percentage points smaller in 2030 than it would have been if the country had remained in the European Union.,Strongly Agree,10,"""The doctor says I wouldn't have so many nose bleeds if I kept my finger out of there""
--Ralph Wiggum",2
2021-01-13,US,after_brexit,A,2021_01_13_after_brexit_A,Greenstone,Michael,michael_greenstone,The UK economy is likely to be at least several percentage points smaller in 2030 than it would have been if the country had remained in the European Union.,Agree,4,NA,1
2021-01-13,US,after_brexit,A,2021_01_13_after_brexit_A,Hall,Robert,robert_hall,The UK economy is likely to be at least several percentage points smaller in 2030 than it would have been if the country had remained in the European Union.,Uncertain,1,This is an incredibly complicated issue with forces going in both directions. Pretense to expertise would be misplacedl,0
2021-01-13,US,after_brexit,A,2021_01_13_after_brexit_A,Hart,Oliver,oliver_hart,The UK economy is likely to be at least several percentage points smaller in 2030 than it would have been if the country had remained in the European Union.,Agree,6,NA,1
2021-01-13,US,after_brexit,A,2021_01_13_after_brexit_A,Holmström,Bengt,bengt_holmstrm,The UK economy is likely to be at least several percentage points smaller in 2030 than it would have been if the country had remained in the European Union.,Agree,6,NA,1
2021-01-13,US,after_brexit,A,2021_01_13_after_brexit_A,Hoxby,Caroline,caroline_hoxby,The UK economy is likely to be at least several percentage points smaller in 2030 than it would have been if the country had remained in the European Union.,Did Not Answer,NA,NA,NA
2021-01-13,US,after_brexit,A,2021_01_13_after_brexit_A,Hoynes,Hilary,hilary_hoynes,The UK economy is likely to be at least several percentage points smaller in 2030 than it would have been if the country had remained in the European Union.,Agree,6,NA,1
2021-01-13,US,after_brexit,A,2021_01_13_after_brexit_A,Judd,Kenneth,kenneth_judd,The UK economy is likely to be at least several percentage points smaller in 2030 than it would have been if the country had remained in the European Union.,Uncertain,6,"""Several""? Outcome is uncertain. E.g., a free-trade agreement with US -- join NAFTA? -- may help them.",0
2021-01-13,US,after_brexit,A,2021_01_13_after_brexit_A,Kaplan,Steven,steven_kaplan,The UK economy is likely to be at least several percentage points smaller in 2030 than it would have been if the country had remained in the European Union.,Uncertain,8,"Short-term minuses, medium and long-term pluses offset.",0
2021-01-13,US,after_brexit,A,2021_01_13_after_brexit_A,Kashyap,Anil,anil_kashyap,The UK economy is likely to be at least several percentage points smaller in 2030 than it would have been if the country had remained in the European Union.,No Opinion,NA,FPC appointment rules out answering this.,NA
2021-01-13,US,after_brexit,A,2021_01_13_after_brexit_A,Klenow,Pete,pete_klenow,The UK economy is likely to be at least several percentage points smaller in 2030 than it would have been if the country had remained in the European Union.,Uncertain,3,NA,0
2021-01-13,US,after_brexit,A,2021_01_13_after_brexit_A,Levin,Jonathan,jonathan_levin,The UK economy is likely to be at least several percentage points smaller in 2030 than it would have been if the country had remained in the European Union.,Agree,1,GDP effects ten years out? Not easy to forecast.,1
2021-01-13,US,after_brexit,A,2021_01_13_after_brexit_A,Maskin,Eric,eric_maskin,The UK economy is likely to be at least several percentage points smaller in 2030 than it would have been if the country had remained in the European Union.,Agree,4,NA,1
2021-01-13,US,after_brexit,A,2021_01_13_after_brexit_A,Nordhaus,William,william_nordhaus,The UK economy is likely to be at least several percentage points smaller in 2030 than it would have been if the country had remained in the European Union.,Agree,6,NA,1
2021-01-13,US,after_brexit,A,2021_01_13_after_brexit_A,Obstfeld,Maurice,maurice_obstfeld,The UK economy is likely to be at least several percentage points smaller in 2030 than it would have been if the country had remained in the European Union.,Strongly Agree,6,NA,2
2021-01-13,US,after_brexit,A,2021_01_13_after_brexit_A,Saez,Emmanuel,emmanuel_saez,The UK economy is likely to be at least several percentage points smaller in 2030 than it would have been if the country had remained in the European Union.,Uncertain,3,NA,0
2021-01-13,US,after_brexit,A,2021_01_13_after_brexit_A,Samuelson,Larry,larry_samuelson,The UK economy is likely to be at least several percentage points smaller in 2030 than it would have been if the country had remained in the European Union.,Agree,6,"We can expect Brexit to have a negative effect on the UK economy, though the magnitude is much more difficult to predict.",1
2021-01-13,US,after_brexit,A,2021_01_13_after_brexit_A,Scheinkman,José,jos_scheinkman,The UK economy is likely to be at least several percentage points smaller in 2030 than it would have been if the country had remained in the European Union.,Uncertain,7,"While impact is most likely negative, magnitude is still very uncertain and will depend on UK's future policy choices.",0
2021-01-13,US,after_brexit,A,2021_01_13_after_brexit_A,Schmalensee,Richard,richard_schmalensee,The UK economy is likely to be at least several percentage points smaller in 2030 than it would have been if the country had remained in the European Union.,Agree,4,NA,1
2021-01-13,US,after_brexit,A,2021_01_13_after_brexit_A,Shapiro,Carl,carl_shapiro,The UK economy is likely to be at least several percentage points smaller in 2030 than it would have been if the country had remained in the European Union.,Agree,8,NA,1
2021-01-13,US,after_brexit,A,2021_01_13_after_brexit_A,Shimer,Robert,robert_shimer,The UK economy is likely to be at least several percentage points smaller in 2030 than it would have been if the country had remained in the European Union.,Agree,5,NA,1
2021-01-13,US,after_brexit,A,2021_01_13_after_brexit_A,Stock,James,james_stock,The UK economy is likely to be at least several percentage points smaller in 2030 than it would have been if the country had remained in the European Union.,Agree,5,NA,1
2021-01-13,US,after_brexit,A,2021_01_13_after_brexit_A,Thaler,Richard,richard_thaler,The UK economy is likely to be at least several percentage points smaller in 2030 than it would have been if the country had remained in the European Union.,Agree,1,Very unsure of the magnitudes but confident about the sign.,1
2021-01-13,US,after_brexit,A,2021_01_13_after_brexit_A,Udry,Christopher,christopher_udry,The UK economy is likely to be at least several percentage points smaller in 2030 than it would have been if the country had remained in the European Union.,Agree,6,NA,1
2021-01-13,US,after_brexit,A,2021_01_13_after_brexit_A,NA,NA,_,The UK economy is likely to be at least several percentage points smaller in 2030 than it would have been if the country had remained in the European Union.,NA,NA,NA,NA
2021-01-13,US,after_brexit,B,2021_01_13_after_brexit_B,Acemoglu,Daron,daron_acemoglu,The aggregate economy of the 27 countries still in the EU is likely to be at least several percentage points smaller in 2030 than if the UK had not left.,Uncertain,1,"Same answer. Uncertain. EU policies may be worse without written, but even less clear in this case. Loss of trade with UK less important.",0
2021-01-13,US,after_brexit,B,2021_01_13_after_brexit_B,Altonji,Joseph,joseph_altonji,The aggregate economy of the 27 countries still in the EU is likely to be at least several percentage points smaller in 2030 than if the UK had not left.,Disagree,4,"The UK accounted for just 15.2% of EU output in 2017, so the negative effect on remaining EU states will be less than the effect on the UK.",-1
2021-01-13,US,after_brexit,B,2021_01_13_after_brexit_B,Auerbach,Alan,alan_auerbach,The aggregate economy of the 27 countries still in the EU is likely to be at least several percentage points smaller in 2030 than if the UK had not left.,Uncertain,3,NA,0
2021-01-13,US,after_brexit,B,2021_01_13_after_brexit_B,Autor,David,david_autor,The aggregate economy of the 27 countries still in the EU is likely to be at least several percentage points smaller in 2030 than if the UK had not left.,Agree,5,NA,1
2021-01-13,US,after_brexit,B,2021_01_13_after_brexit_B,Baicker,Katherine,katherine_baicker,The aggregate economy of the 27 countries still in the EU is likely to be at least several percentage points smaller in 2030 than if the UK had not left.,Did Not Answer,NA,NA,NA
2021-01-13,US,after_brexit,B,2021_01_13_after_brexit_B,Banerjee,Abhijit,abhijit_banerjee,The aggregate economy of the 27 countries still in the EU is likely to be at least several percentage points smaller in 2030 than if the UK had not left.,Uncertain,5,NA,0
2021-01-13,US,after_brexit,B,2021_01_13_after_brexit_B,Bertrand,Marianne,marianne_bertrand,The aggregate economy of the 27 countries still in the EU is likely to be at least several percentage points smaller in 2030 than if the UK had not left.,Uncertain,1,NA,0
2021-01-13,US,after_brexit,B,2021_01_13_after_brexit_B,Brunnermeier,Markus,markus_brunnermeier,The aggregate economy of the 27 countries still in the EU is likely to be at least several percentage points smaller in 2030 than if the UK had not left.,Uncertain,5,NA,0
2021-01-13,US,after_brexit,B,2021_01_13_after_brexit_B,Chetty,Raj,raj_chetty,The aggregate economy of the 27 countries still in the EU is likely to be at least several percentage points smaller in 2030 than if the UK had not left.,Did Not Answer,NA,NA,NA
2021-01-13,US,after_brexit,B,2021_01_13_after_brexit_B,Chevalier,Judith,judith_chevalier,The aggregate economy of the 27 countries still in the EU is likely to be at least several percentage points smaller in 2030 than if the UK had not left.,Uncertain,3,NA,0
2021-01-13,US,after_brexit,B,2021_01_13_after_brexit_B,Cutler,David,david_cutler,The aggregate economy of the 27 countries still in the EU is likely to be at least several percentage points smaller in 2030 than if the UK had not left.,Uncertain,4,NA,0
2021-01-13,US,after_brexit,B,2021_01_13_after_brexit_B,Deaton,Angus,angus_deaton,The aggregate economy of the 27 countries still in the EU is likely to be at least several percentage points smaller in 2030 than if the UK had not left.,Agree,4,NA,1
2021-01-13,US,after_brexit,B,2021_01_13_after_brexit_B,Duffie,Darrell,darrell_duffie,The aggregate economy of the 27 countries still in the EU is likely to be at least several percentage points smaller in 2030 than if the UK had not left.,Disagree,2,"Whatever the correct cost to the UK, the proportional cost to the EU would likely be smaller because the EU is much bigger.",-1
2021-01-13,US,after_brexit,B,2021_01_13_after_brexit_B,Edlin,Aaron,aaron_edlin,The aggregate economy of the 27 countries still in the EU is likely to be at least several percentage points smaller in 2030 than if the UK had not left.,Uncertain,6,We don’t know yet what trade agreements will replace it.,0
2021-01-13,US,after_brexit,B,2021_01_13_after_brexit_B,Eichengreen,Barry,barry_eichengreen,The aggregate economy of the 27 countries still in the EU is likely to be at least several percentage points smaller in 2030 than if the UK had not left.,Disagree,5,NA,-1
2021-01-13,US,after_brexit,B,2021_01_13_after_brexit_B,Einav,Liran,liran_einav,The aggregate economy of the 27 countries still in the EU is likely to be at least several percentage points smaller in 2030 than if the UK had not left.,Uncertain,1,NA,0
2021-01-13,US,after_brexit,B,2021_01_13_after_brexit_B,Fair,Ray,ray_fair,The aggregate economy of the 27 countries still in the EU is likely to be at least several percentage points smaller in 2030 than if the UK had not left.,Disagree,4,NA,-1
2021-01-13,US,after_brexit,B,2021_01_13_after_brexit_B,Finkelstein,Amy,amy_finkelstein,The aggregate economy of the 27 countries still in the EU is likely to be at least several percentage points smaller in 2030 than if the UK had not left.,Uncertain,5,NA,0
2021-01-13,US,after_brexit,B,2021_01_13_after_brexit_B,Goldberg,Pinelopi,pinelopi_goldberg,The aggregate economy of the 27 countries still in the EU is likely to be at least several percentage points smaller in 2030 than if the UK had not left.,Uncertain,5,NA,0
2021-01-13,US,after_brexit,B,2021_01_13_after_brexit_B,Goolsbee,Austan,austan_goolsbee,The aggregate economy of the 27 countries still in the EU is likely to be at least several percentage points smaller in 2030 than if the UK had not left.,Agree,6,It's not good but is it 'at least several percentage points' worth?,1
2021-01-13,US,after_brexit,B,2021_01_13_after_brexit_B,Greenstone,Michael,michael_greenstone,The aggregate economy of the 27 countries still in the EU is likely to be at least several percentage points smaller in 2030 than if the UK had not left.,Uncertain,3,NA,0
2021-01-13,US,after_brexit,B,2021_01_13_after_brexit_B,Hall,Robert,robert_hall,The aggregate economy of the 27 countries still in the EU is likely to be at least several percentage points smaller in 2030 than if the UK had not left.,Uncertain,1,See previous question,0
2021-01-13,US,after_brexit,B,2021_01_13_after_brexit_B,Hart,Oliver,oliver_hart,The aggregate economy of the 27 countries still in the EU is likely to be at least several percentage points smaller in 2030 than if the UK had not left.,Disagree,6,NA,-1
2021-01-13,US,after_brexit,B,2021_01_13_after_brexit_B,Holmström,Bengt,bengt_holmstrm,The aggregate economy of the 27 countries still in the EU is likely to be at least several percentage points smaller in 2030 than if the UK had not left.,Uncertain,5,NA,0
2021-01-13,US,after_brexit,B,2021_01_13_after_brexit_B,Hoxby,Caroline,caroline_hoxby,The aggregate economy of the 27 countries still in the EU is likely to be at least several percentage points smaller in 2030 than if the UK had not left.,Did Not Answer,NA,NA,NA
2021-01-13,US,after_brexit,B,2021_01_13_after_brexit_B,Hoynes,Hilary,hilary_hoynes,The aggregate economy of the 27 countries still in the EU is likely to be at least several percentage points smaller in 2030 than if the UK had not left.,Uncertain,6,NA,0
2021-01-13,US,after_brexit,B,2021_01_13_after_brexit_B,Judd,Kenneth,kenneth_judd,The aggregate economy of the 27 countries still in the EU is likely to be at least several percentage points smaller in 2030 than if the UK had not left.,Disagree,6,"I doubt rest of EU will take a big hit. Unfortunately, serious quantitative analysis of these questions is opposed by the economic elite.",-1
2021-01-13,US,after_brexit,B,2021_01_13_after_brexit_B,Kaplan,Steven,steven_kaplan,The aggregate economy of the 27 countries still in the EU is likely to be at least several percentage points smaller in 2030 than if the UK had not left.,Uncertain,8,NA,0
2021-01-13,US,after_brexit,B,2021_01_13_after_brexit_B,Kashyap,Anil,anil_kashyap,The aggregate economy of the 27 countries still in the EU is likely to be at least several percentage points smaller in 2030 than if the UK had not left.,No Opinion,NA,FPC appointment rules out answering this.,NA
2021-01-13,US,after_brexit,B,2021_01_13_after_brexit_B,Klenow,Pete,pete_klenow,The aggregate economy of the 27 countries still in the EU is likely to be at least several percentage points smaller in 2030 than if the UK had not left.,Uncertain,3,NA,0
2021-01-13,US,after_brexit,B,2021_01_13_after_brexit_B,Levin,Jonathan,jonathan_levin,The aggregate economy of the 27 countries still in the EU is likely to be at least several percentage points smaller in 2030 than if the UK had not left.,Uncertain,1,NA,0
2021-01-13,US,after_brexit,B,2021_01_13_after_brexit_B,Maskin,Eric,eric_maskin,The aggregate economy of the 27 countries still in the EU is likely to be at least several percentage points smaller in 2030 than if the UK had not left.,Agree,4,NA,1
2021-01-13,US,after_brexit,B,2021_01_13_after_brexit_B,Nordhaus,William,william_nordhaus,The aggregate economy of the 27 countries still in the EU is likely to be at least several percentage points smaller in 2030 than if the UK had not left.,Disagree,6,NA,-1
2021-01-13,US,after_brexit,B,2021_01_13_after_brexit_B,Obstfeld,Maurice,maurice_obstfeld,The aggregate economy of the 27 countries still in the EU is likely to be at least several percentage points smaller in 2030 than if the UK had not left.,Disagree,6,The EU27 will suffer far less than the UK ... a much smaller proportion of their foreign trade is at stake.,-1
2021-01-13,US,after_brexit,B,2021_01_13_after_brexit_B,Saez,Emmanuel,emmanuel_saez,The aggregate economy of the 27 countries still in the EU is likely to be at least several percentage points smaller in 2030 than if the UK had not left.,Disagree,3,NA,-1
2021-01-13,US,after_brexit,B,2021_01_13_after_brexit_B,Samuelson,Larry,larry_samuelson,The aggregate economy of the 27 countries still in the EU is likely to be at least several percentage points smaller in 2030 than if the UK had not left.,Agree,6,"Again, We can expect Brexit to have a negative effect, but its magnitude, and whether it will be several percentage points, is less clear.",1
2021-01-13,US,after_brexit,B,2021_01_13_after_brexit_B,Scheinkman,José,jos_scheinkman,The aggregate economy of the 27 countries still in the EU is likely to be at least several percentage points smaller in 2030 than if the UK had not left.,Uncertain,7,"While impact in Europe will also be negative, magnitude will be a fraction of UK's.",0
2021-01-13,US,after_brexit,B,2021_01_13_after_brexit_B,Schmalensee,Richard,richard_schmalensee,The aggregate economy of the 27 countries still in the EU is likely to be at least several percentage points smaller in 2030 than if the UK had not left.,Uncertain,4,Tail wags dog?  Seems too strong an effect.,0
2021-01-13,US,after_brexit,B,2021_01_13_after_brexit_B,Shapiro,Carl,carl_shapiro,The aggregate economy of the 27 countries still in the EU is likely to be at least several percentage points smaller in 2030 than if the UK had not left.,Disagree,3,NA,-1
2021-01-13,US,after_brexit,B,2021_01_13_after_brexit_B,Shimer,Robert,robert_shimer,The aggregate economy of the 27 countries still in the EU is likely to be at least several percentage points smaller in 2030 than if the UK had not left.,Agree,3,NA,1
2021-01-13,US,after_brexit,B,2021_01_13_after_brexit_B,Stock,James,james_stock,The aggregate economy of the 27 countries still in the EU is likely to be at least several percentage points smaller in 2030 than if the UK had not left.,Disagree,5,NA,-1
2021-01-13,US,after_brexit,B,2021_01_13_after_brexit_B,Thaler,Richard,richard_thaler,The aggregate economy of the 27 countries still in the EU is likely to be at least several percentage points smaller in 2030 than if the UK had not left.,Uncertain,1,How much of the London financial sector moves to the continent?,0
2021-01-13,US,after_brexit,B,2021_01_13_after_brexit_B,Udry,Christopher,christopher_udry,The aggregate economy of the 27 countries still in the EU is likely to be at least several percentage points smaller in 2030 than if the UK had not left.,Agree,5,NA,1
2021-01-13,US,after_brexit,B,2021_01_13_after_brexit_B,NA,NA,_,The aggregate economy of the 27 countries still in the EU is likely to be at least several percentage points smaller in 2030 than if the UK had not left.,NA,NA,NA,NA
2026-01-29,US,aca_subsidies,A,2026_01_29_aca_subsidies_A,Acemoglu,Daron,daron_acemoglu,"Without extension of the expanded public subsidies for Affordable Care Act healthcare plans, there would be a substantial rise in the number of Americans without health insurance.",Agree,3,NA,1
2026-01-29,US,aca_subsidies,A,2026_01_29_aca_subsidies_A,Aguiar,Mark,mark_aguiar,"Without extension of the expanded public subsidies for Affordable Care Act healthcare plans, there would be a substantial rise in the number of Americans without health insurance.",Agree,7,NA,1
2026-01-29,US,aca_subsidies,A,2026_01_29_aca_subsidies_A,Altonji,Joseph,joseph_altonji,"Without extension of the expanded public subsidies for Affordable Care Act healthcare plans, there would be a substantial rise in the number of Americans without health insurance.",Agree,3,NA,1
2026-01-29,US,aca_subsidies,A,2026_01_29_aca_subsidies_A,Auerbach,Alan,alan_auerbach,"Without extension of the expanded public subsidies for Affordable Care Act healthcare plans, there would be a substantial rise in the number of Americans without health insurance.",Agree,7,NA,1
2026-01-29,US,aca_subsidies,A,2026_01_29_aca_subsidies_A,Autor,David,david_autor,"Without extension of the expanded public subsidies for Affordable Care Act healthcare plans, there would be a substantial rise in the number of Americans without health insurance.",Agree,7,NA,1
2026-01-29,US,aca_subsidies,A,2026_01_29_aca_subsidies_A,Banerjee,Abhijit,abhijit_banerjee,"Without extension of the expanded public subsidies for Affordable Care Act healthcare plans, there would be a substantial rise in the number of Americans without health insurance.",Strongly Agree,6,NA,2
2026-01-29,US,aca_subsidies,A,2026_01_29_aca_subsidies_A,Bergemann,Dirk,dirk_bergemann,"Without extension of the expanded public subsidies for Affordable Care Act healthcare plans, there would be a substantial rise in the number of Americans without health insurance.",Strongly Agree,8,NA,2
2026-01-29,US,aca_subsidies,A,2026_01_29_aca_subsidies_A,Bertrand,Marianne,marianne_bertrand,"Without extension of the expanded public subsidies for Affordable Care Act healthcare plans, there would be a substantial rise in the number of Americans without health insurance.",Agree,5,NA,1
2026-01-29,US,aca_subsidies,A,2026_01_29_aca_subsidies_A,Brunnermeier,Markus,markus_brunnermeier,"Without extension of the expanded public subsidies for Affordable Care Act healthcare plans, there would be a substantial rise in the number of Americans without health insurance.",Did Not Answer,NA,NA,NA
2026-01-29,US,aca_subsidies,A,2026_01_29_aca_subsidies_A,Chevalier,Judith,judith_chevalier,"Without extension of the expanded public subsidies for Affordable Care Act healthcare plans, there would be a substantial rise in the number of Americans without health insurance.",Agree,8,"Agree, though interactions with other state/federal policies are important.",1
2026-01-29,US,aca_subsidies,A,2026_01_29_aca_subsidies_A,Cutler,David,david_cutler,"Without extension of the expanded public subsidies for Affordable Care Act healthcare plans, there would be a substantial rise in the number of Americans without health insurance.",Strongly Agree,8,NA,2
2026-01-29,US,aca_subsidies,A,2026_01_29_aca_subsidies_A,Duffie,Darrell,darrell_duffie,"Without extension of the expanded public subsidies for Affordable Care Act healthcare plans, there would be a substantial rise in the number of Americans without health insurance.",Agree,1,NA,1
2026-01-29,US,aca_subsidies,A,2026_01_29_aca_subsidies_A,Edlin,Aaron,aaron_edlin,"Without extension of the expanded public subsidies for Affordable Care Act healthcare plans, there would be a substantial rise in the number of Americans without health insurance.",Strongly Agree,6,NA,2
2026-01-29,US,aca_subsidies,A,2026_01_29_aca_subsidies_A,Eichengreen,Barry,barry_eichengreen,"Without extension of the expanded public subsidies for Affordable Care Act healthcare plans, there would be a substantial rise in the number of Americans without health insurance.",Strongly Agree,5,NA,2
2026-01-29,US,aca_subsidies,A,2026_01_29_aca_subsidies_A,Einav,Liran,liran_einav,"Without extension of the expanded public subsidies for Affordable Care Act healthcare plans, there would be a substantial rise in the number of Americans without health insurance.",Agree,7,NA,1
2026-01-29,US,aca_subsidies,A,2026_01_29_aca_subsidies_A,Fair,Ray,ray_fair,"Without extension of the expanded public subsidies for Affordable Care Act healthcare plans, there would be a substantial rise in the number of Americans without health insurance.",Agree,5,NA,1
2026-01-29,US,aca_subsidies,A,2026_01_29_aca_subsidies_A,Glaeser,Edward,edward_glaeser,"Without extension of the expanded public subsidies for Affordable Care Act healthcare plans, there would be a substantial rise in the number of Americans without health insurance.",Agree,5,NA,1
2026-01-29,US,aca_subsidies,A,2026_01_29_aca_subsidies_A,Goldberg,Pinelopi,pinelopi_goldberg,"Without extension of the expanded public subsidies for Affordable Care Act healthcare plans, there would be a substantial rise in the number of Americans without health insurance.",Agree,7,NA,1
2026-01-29,US,aca_subsidies,A,2026_01_29_aca_subsidies_A,Greenstone,Michael,michael_greenstone,"Without extension of the expanded public subsidies for Affordable Care Act healthcare plans, there would be a substantial rise in the number of Americans without health insurance.",Agree,7,NA,1
2026-01-29,US,aca_subsidies,A,2026_01_29_aca_subsidies_A,Hart,Oliver,oliver_hart,"Without extension of the expanded public subsidies for Affordable Care Act healthcare plans, there would be a substantial rise in the number of Americans without health insurance.",Strongly Agree,8,NA,2
2026-01-29,US,aca_subsidies,A,2026_01_29_aca_subsidies_A,Hoxby,Caroline,caroline_hoxby,"Without extension of the expanded public subsidies for Affordable Care Act healthcare plans, there would be a substantial rise in the number of Americans without health insurance.",Uncertain,7,NA,0
2026-01-29,US,aca_subsidies,A,2026_01_29_aca_subsidies_A,Hoynes,Hilary,hilary_hoynes,"Without extension of the expanded public subsidies for Affordable Care Act healthcare plans, there would be a substantial rise in the number of Americans without health insurance.",Strongly Agree,8,NA,2
2026-01-29,US,aca_subsidies,A,2026_01_29_aca_subsidies_A,Hurst,Erik,erik_hurst,"Without extension of the expanded public subsidies for Affordable Care Act healthcare plans, there would be a substantial rise in the number of Americans without health insurance.",Agree,5,NA,1
2026-01-29,US,aca_subsidies,A,2026_01_29_aca_subsidies_A,Judd,Kenneth,kenneth_judd,"Without extension of the expanded public subsidies for Affordable Care Act healthcare plans, there would be a substantial rise in the number of Americans without health insurance.",Agree,5,NA,1
2026-01-29,US,aca_subsidies,A,2026_01_29_aca_subsidies_A,Kaplan,Steven,steven_kaplan,"Without extension of the expanded public subsidies for Affordable Care Act healthcare plans, there would be a substantial rise in the number of Americans without health insurance.",Uncertain,6,No discussion of cost benefit.  Large increase is COVID driven.? This returns to pre-COVID.,0
2026-01-29,US,aca_subsidies,A,2026_01_29_aca_subsidies_A,Kashyap,Anil,anil_kashyap,"Without extension of the expanded public subsidies for Affordable Care Act healthcare plans, there would be a substantial rise in the number of Americans without health insurance.",Agree,1,With low confidence I would bet that half a million fewer people will be insured.,1
2026-01-29,US,aca_subsidies,A,2026_01_29_aca_subsidies_A,Klenow,Pete,pete_klenow,"Without extension of the expanded public subsidies for Affordable Care Act healthcare plans, there would be a substantial rise in the number of Americans without health insurance.",Agree,3,NA,1
2026-01-29,US,aca_subsidies,A,2026_01_29_aca_subsidies_A,Levin,Jonathan,jonathan_levin,"Without extension of the expanded public subsidies for Affordable Care Act healthcare plans, there would be a substantial rise in the number of Americans without health insurance.",Agree,3,NA,1
2026-01-29,US,aca_subsidies,A,2026_01_29_aca_subsidies_A,Maskin,Eric,eric_maskin,"Without extension of the expanded public subsidies for Affordable Care Act healthcare plans, there would be a substantial rise in the number of Americans without health insurance.",Agree,7,NA,1
2026-01-29,US,aca_subsidies,A,2026_01_29_aca_subsidies_A,Nordhaus,William,william_nordhaus,"Without extension of the expanded public subsidies for Affordable Care Act healthcare plans, there would be a substantial rise in the number of Americans without health insurance.",Did Not Answer,NA,NA,NA
2026-01-29,US,aca_subsidies,A,2026_01_29_aca_subsidies_A,Obstfeld,Maurice,maurice_obstfeld,"Without extension of the expanded public subsidies for Affordable Care Act healthcare plans, there would be a substantial rise in the number of Americans without health insurance.",Strongly Agree,3,NA,2
2026-01-29,US,aca_subsidies,A,2026_01_29_aca_subsidies_A,Pathak,Parag,parag_pathak,"Without extension of the expanded public subsidies for Affordable Care Act healthcare plans, there would be a substantial rise in the number of Americans without health insurance.",Agree,1,NA,1
2026-01-29,US,aca_subsidies,A,2026_01_29_aca_subsidies_A,Samuelson,Larry,larry_samuelson,"Without extension of the expanded public subsidies for Affordable Care Act healthcare plans, there would be a substantial rise in the number of Americans without health insurance.",Agree,8,The attendant large price increases will drive some people away from health care.,1
2026-01-29,US,aca_subsidies,A,2026_01_29_aca_subsidies_A,Scheinkman,José,jos_scheinkman,"Without extension of the expanded public subsidies for Affordable Care Act healthcare plans, there would be a substantial rise in the number of Americans without health insurance.",Strongly Agree,6,NA,2
2026-01-29,US,aca_subsidies,A,2026_01_29_aca_subsidies_A,Schmalensee,Richard,richard_schmalensee,"Without extension of the expanded public subsidies for Affordable Care Act healthcare plans, there would be a substantial rise in the number of Americans without health insurance.",Strongly Agree,7,There seems universal agreement on this point.,2
2026-01-29,US,aca_subsidies,A,2026_01_29_aca_subsidies_A,Scott Morton,Fiona,fiona_scottmorton,"Without extension of the expanded public subsidies for Affordable Care Act healthcare plans, there would be a substantial rise in the number of Americans without health insurance.",Strongly Agree,10,NA,2
2026-01-29,US,aca_subsidies,A,2026_01_29_aca_subsidies_A,Shapiro,Carl,carl_shapiro,"Without extension of the expanded public subsidies for Affordable Care Act healthcare plans, there would be a substantial rise in the number of Americans without health insurance.",Strongly Agree,10,NA,2
2026-01-29,US,aca_subsidies,A,2026_01_29_aca_subsidies_A,Shimer,Robert,robert_shimer,"Without extension of the expanded public subsidies for Affordable Care Act healthcare plans, there would be a substantial rise in the number of Americans without health insurance.",Strongly Agree,8,NA,2
2026-01-29,US,aca_subsidies,A,2026_01_29_aca_subsidies_A,Stantcheva,Stefanie,stefanie_stantcheva,"Without extension of the expanded public subsidies for Affordable Care Act healthcare plans, there would be a substantial rise in the number of Americans without health insurance.",Did Not Answer,NA,NA,NA
2026-01-29,US,aca_subsidies,A,2026_01_29_aca_subsidies_A,Stock,James,james_stock,"Without extension of the expanded public subsidies for Affordable Care Act healthcare plans, there would be a substantial rise in the number of Americans without health insurance.",Agree,4,NA,1
2026-01-29,US,aca_subsidies,A,2026_01_29_aca_subsidies_A,Stokey,Nancy,nancy_stokey,"Without extension of the expanded public subsidies for Affordable Care Act healthcare plans, there would be a substantial rise in the number of Americans without health insurance.",Agree,5,NA,1
2026-01-29,US,aca_subsidies,A,2026_01_29_aca_subsidies_A,Syverson,Chad,chad_syverson,"Without extension of the expanded public subsidies for Affordable Care Act healthcare plans, there would be a substantial rise in the number of Americans without health insurance.",Agree,9,"Demand curves slope down; if price goes up, quantity goes down",1
2026-01-29,US,aca_subsidies,A,2026_01_29_aca_subsidies_A,Thaler,Richard,richard_thaler,"Without extension of the expanded public subsidies for Affordable Care Act healthcare plans, there would be a substantial rise in the number of Americans without health insurance.",Agree,3,The annual check to see if we think demand curves slope down,1
2026-01-29,US,aca_subsidies,A,2026_01_29_aca_subsidies_A,Udry,Christopher,christopher_udry,"Without extension of the expanded public subsidies for Affordable Care Act healthcare plans, there would be a substantial rise in the number of Americans without health insurance.",Strongly Agree,10,NA,2
2026-01-29,US,aca_subsidies,A,2026_01_29_aca_subsidies_A,Werning,Ivan,ivan_werning,"Without extension of the expanded public subsidies for Affordable Care Act healthcare plans, there would be a substantial rise in the number of Americans without health insurance.",Did Not Answer,NA,NA,NA
2026-01-29,US,aca_subsidies,B,2026_01_29_aca_subsidies_B,Acemoglu,Daron,daron_acemoglu,Losses in the health and well-being of Americans who could no longer afford health insurance in the absence of the subsidies would exceed the savings from the expiration.,Agree,3,NA,1
2026-01-29,US,aca_subsidies,B,2026_01_29_aca_subsidies_B,Aguiar,Mark,mark_aguiar,Losses in the health and well-being of Americans who could no longer afford health insurance in the absence of the subsidies would exceed the savings from the expiration.,Uncertain,3,NA,0
2026-01-29,US,aca_subsidies,B,2026_01_29_aca_subsidies_B,Altonji,Joseph,joseph_altonji,Losses in the health and well-being of Americans who could no longer afford health insurance in the absence of the subsidies would exceed the savings from the expiration.,Agree,2,NA,1
2026-01-29,US,aca_subsidies,B,2026_01_29_aca_subsidies_B,Auerbach,Alan,alan_auerbach,Losses in the health and well-being of Americans who could no longer afford health insurance in the absence of the subsidies would exceed the savings from the expiration.,Agree,5,NA,1
2026-01-29,US,aca_subsidies,B,2026_01_29_aca_subsidies_B,Autor,David,david_autor,Losses in the health and well-being of Americans who could no longer afford health insurance in the absence of the subsidies would exceed the savings from the expiration.,Uncertain,5,NA,0
2026-01-29,US,aca_subsidies,B,2026_01_29_aca_subsidies_B,Banerjee,Abhijit,abhijit_banerjee,Losses in the health and well-being of Americans who could no longer afford health insurance in the absence of the subsidies would exceed the savings from the expiration.,Agree,5,This clearly depends on how we value the wellbeing of the less well off population-being insured seems to be especially important for psychological well-being,1
2026-01-29,US,aca_subsidies,B,2026_01_29_aca_subsidies_B,Bergemann,Dirk,dirk_bergemann,Losses in the health and well-being of Americans who could no longer afford health insurance in the absence of the subsidies would exceed the savings from the expiration.,Strongly Agree,8,NA,2
2026-01-29,US,aca_subsidies,B,2026_01_29_aca_subsidies_B,Bertrand,Marianne,marianne_bertrand,Losses in the health and well-being of Americans who could no longer afford health insurance in the absence of the subsidies would exceed the savings from the expiration.,Agree,5,NA,1
2026-01-29,US,aca_subsidies,B,2026_01_29_aca_subsidies_B,Brunnermeier,Markus,markus_brunnermeier,Losses in the health and well-being of Americans who could no longer afford health insurance in the absence of the subsidies would exceed the savings from the expiration.,Did Not Answer,NA,NA,NA
2026-01-29,US,aca_subsidies,B,2026_01_29_aca_subsidies_B,Chevalier,Judith,judith_chevalier,Losses in the health and well-being of Americans who could no longer afford health insurance in the absence of the subsidies would exceed the savings from the expiration.,Uncertain,8,NA,0
2026-01-29,US,aca_subsidies,B,2026_01_29_aca_subsidies_B,Cutler,David,david_cutler,Losses in the health and well-being of Americans who could no longer afford health insurance in the absence of the subsidies would exceed the savings from the expiration.,Strongly Agree,8,NA,2
2026-01-29,US,aca_subsidies,B,2026_01_29_aca_subsidies_B,Duffie,Darrell,darrell_duffie,Losses in the health and well-being of Americans who could no longer afford health insurance in the absence of the subsidies would exceed the savings from the expiration.,Agree,1,NA,1
2026-01-29,US,aca_subsidies,B,2026_01_29_aca_subsidies_B,Edlin,Aaron,aaron_edlin,Losses in the health and well-being of Americans who could no longer afford health insurance in the absence of the subsidies would exceed the savings from the expiration.,Agree,6,NA,1
2026-01-29,US,aca_subsidies,B,2026_01_29_aca_subsidies_B,Eichengreen,Barry,barry_eichengreen,Losses in the health and well-being of Americans who could no longer afford health insurance in the absence of the subsidies would exceed the savings from the expiration.,Strongly Agree,5,NA,2
2026-01-29,US,aca_subsidies,B,2026_01_29_aca_subsidies_B,Einav,Liran,liran_einav,Losses in the health and well-being of Americans who could no longer afford health insurance in the absence of the subsidies would exceed the savings from the expiration.,Agree,7,NA,1
2026-01-29,US,aca_subsidies,B,2026_01_29_aca_subsidies_B,Fair,Ray,ray_fair,Losses in the health and well-being of Americans who could no longer afford health insurance in the absence of the subsidies would exceed the savings from the expiration.,Uncertain,5,NA,0
2026-01-29,US,aca_subsidies,B,2026_01_29_aca_subsidies_B,Glaeser,Edward,edward_glaeser,Losses in the health and well-being of Americans who could no longer afford health insurance in the absence of the subsidies would exceed the savings from the expiration.,Uncertain,5,NA,0
2026-01-29,US,aca_subsidies,B,2026_01_29_aca_subsidies_B,Goldberg,Pinelopi,pinelopi_goldberg,Losses in the health and well-being of Americans who could no longer afford health insurance in the absence of the subsidies would exceed the savings from the expiration.,Agree,5,NA,1
2026-01-29,US,aca_subsidies,B,2026_01_29_aca_subsidies_B,Greenstone,Michael,michael_greenstone,Losses in the health and well-being of Americans who could no longer afford health insurance in the absence of the subsidies would exceed the savings from the expiration.,Uncertain,4,NA,0
2026-01-29,US,aca_subsidies,B,2026_01_29_aca_subsidies_B,Hart,Oliver,oliver_hart,Losses in the health and well-being of Americans who could no longer afford health insurance in the absence of the subsidies would exceed the savings from the expiration.,Strongly Agree,8,NA,2
2026-01-29,US,aca_subsidies,B,2026_01_29_aca_subsidies_B,Hoxby,Caroline,caroline_hoxby,Losses in the health and well-being of Americans who could no longer afford health insurance in the absence of the subsidies would exceed the savings from the expiration.,Uncertain,7,NA,0
2026-01-29,US,aca_subsidies,B,2026_01_29_aca_subsidies_B,Hoynes,Hilary,hilary_hoynes,Losses in the health and well-being of Americans who could no longer afford health insurance in the absence of the subsidies would exceed the savings from the expiration.,Agree,5,Incomplete evidence on impacts of those impacted by ACA subsidies.,1
2026-01-29,US,aca_subsidies,B,2026_01_29_aca_subsidies_B,Hurst,Erik,erik_hurst,Losses in the health and well-being of Americans who could no longer afford health insurance in the absence of the subsidies would exceed the savings from the expiration.,Uncertain,3,NA,0
2026-01-29,US,aca_subsidies,B,2026_01_29_aca_subsidies_B,Judd,Kenneth,kenneth_judd,Losses in the health and well-being of Americans who could no longer afford health insurance in the absence of the subsidies would exceed the savings from the expiration.,Agree,3,NA,1
2026-01-29,US,aca_subsidies,B,2026_01_29_aca_subsidies_B,Kaplan,Steven,steven_kaplan,Losses in the health and well-being of Americans who could no longer afford health insurance in the absence of the subsidies would exceed the savings from the expiration.,Disagree,4,NA,-1
2026-01-29,US,aca_subsidies,B,2026_01_29_aca_subsidies_B,Kashyap,Anil,anil_kashyap,Losses in the health and well-being of Americans who could no longer afford health insurance in the absence of the subsidies would exceed the savings from the expiration.,Agree,1,NA,1
2026-01-29,US,aca_subsidies,B,2026_01_29_aca_subsidies_B,Klenow,Pete,pete_klenow,Losses in the health and well-being of Americans who could no longer afford health insurance in the absence of the subsidies would exceed the savings from the expiration.,Agree,3,NA,1
2026-01-29,US,aca_subsidies,B,2026_01_29_aca_subsidies_B,Levin,Jonathan,jonathan_levin,Losses in the health and well-being of Americans who could no longer afford health insurance in the absence of the subsidies would exceed the savings from the expiration.,Uncertain,1,NA,0
2026-01-29,US,aca_subsidies,B,2026_01_29_aca_subsidies_B,Maskin,Eric,eric_maskin,Losses in the health and well-being of Americans who could no longer afford health insurance in the absence of the subsidies would exceed the savings from the expiration.,Agree,5,NA,1
2026-01-29,US,aca_subsidies,B,2026_01_29_aca_subsidies_B,Nordhaus,William,william_nordhaus,Losses in the health and well-being of Americans who could no longer afford health insurance in the absence of the subsidies would exceed the savings from the expiration.,Did Not Answer,NA,NA,NA
2026-01-29,US,aca_subsidies,B,2026_01_29_aca_subsidies_B,Obstfeld,Maurice,maurice_obstfeld,Losses in the health and well-being of Americans who could no longer afford health insurance in the absence of the subsidies would exceed the savings from the expiration.,Agree,3,NA,1
2026-01-29,US,aca_subsidies,B,2026_01_29_aca_subsidies_B,Pathak,Parag,parag_pathak,Losses in the health and well-being of Americans who could no longer afford health insurance in the absence of the subsidies would exceed the savings from the expiration.,Uncertain,1,NA,0
2026-01-29,US,aca_subsidies,B,2026_01_29_aca_subsidies_B,Samuelson,Larry,larry_samuelson,Losses in the health and well-being of Americans who could no longer afford health insurance in the absence of the subsidies would exceed the savings from the expiration.,Agree,6,"It is difficult to be precise about this trade-off, but experience shows that health insurance is cost effective in improving well being and shifting medical care away from emergency services to most cost-effective measures.",1
2026-01-29,US,aca_subsidies,B,2026_01_29_aca_subsidies_B,Scheinkman,José,jos_scheinkman,Losses in the health and well-being of Americans who could no longer afford health insurance in the absence of the subsidies would exceed the savings from the expiration.,Agree,6,NA,1
2026-01-29,US,aca_subsidies,B,2026_01_29_aca_subsidies_B,Schmalensee,Richard,richard_schmalensee,Losses in the health and well-being of Americans who could no longer afford health insurance in the absence of the subsidies would exceed the savings from the expiration.,Agree,4,"All this depends on how health and well-being are valued, of course.",1
2026-01-29,US,aca_subsidies,B,2026_01_29_aca_subsidies_B,Scott Morton,Fiona,fiona_scottmorton,Losses in the health and well-being of Americans who could no longer afford health insurance in the absence of the subsidies would exceed the savings from the expiration.,Agree,8,NA,1
2026-01-29,US,aca_subsidies,B,2026_01_29_aca_subsidies_B,Shapiro,Carl,carl_shapiro,Losses in the health and well-being of Americans who could no longer afford health insurance in the absence of the subsidies would exceed the savings from the expiration.,Strongly Agree,10,NA,2
2026-01-29,US,aca_subsidies,B,2026_01_29_aca_subsidies_B,Shimer,Robert,robert_shimer,Losses in the health and well-being of Americans who could no longer afford health insurance in the absence of the subsidies would exceed the savings from the expiration.,Disagree,7,NA,-1
2026-01-29,US,aca_subsidies,B,2026_01_29_aca_subsidies_B,Stantcheva,Stefanie,stefanie_stantcheva,Losses in the health and well-being of Americans who could no longer afford health insurance in the absence of the subsidies would exceed the savings from the expiration.,Did Not Answer,NA,NA,NA
2026-01-29,US,aca_subsidies,B,2026_01_29_aca_subsidies_B,Stock,James,james_stock,Losses in the health and well-being of Americans who could no longer afford health insurance in the absence of the subsidies would exceed the savings from the expiration.,Uncertain,3,NA,0
2026-01-29,US,aca_subsidies,B,2026_01_29_aca_subsidies_B,Stokey,Nancy,nancy_stokey,Losses in the health and well-being of Americans who could no longer afford health insurance in the absence of the subsidies would exceed the savings from the expiration.,Strongly Agree,5,NA,2
2026-01-29,US,aca_subsidies,B,2026_01_29_aca_subsidies_B,Syverson,Chad,chad_syverson,Losses in the health and well-being of Americans who could no longer afford health insurance in the absence of the subsidies would exceed the savings from the expiration.,Uncertain,8,My somewhat distant reading is that there is mixed evidence on the health effects of having insurance,0
2026-01-29,US,aca_subsidies,B,2026_01_29_aca_subsidies_B,Thaler,Richard,richard_thaler,Losses in the health and well-being of Americans who could no longer afford health insurance in the absence of the subsidies would exceed the savings from the expiration.,Uncertain,1,Hard to lnow,0
2026-01-29,US,aca_subsidies,B,2026_01_29_aca_subsidies_B,Udry,Christopher,christopher_udry,Losses in the health and well-being of Americans who could no longer afford health insurance in the absence of the subsidies would exceed the savings from the expiration.,Strongly Agree,5,"There may be more cost effective ways of achieving the same gain in health, but there is little doubt that the ACA subsidies are (were)",2
2026-01-29,US,aca_subsidies,B,2026_01_29_aca_subsidies_B,Werning,Ivan,ivan_werning,Losses in the health and well-being of Americans who could no longer afford health insurance in the absence of the subsidies would exceed the savings from the expiration.,Did Not Answer,NA,NA,NA
2026-01-29,US,aca_subsidies,C,2026_01_29_aca_subsidies_C,Acemoglu,Daron,daron_acemoglu,The possible need for subsidies substantially in excess of those initially provided by the ACA indicates that other changes in the healthcare system are needed to enable broad-based access.,Agree,4,NA,1
2026-01-29,US,aca_subsidies,C,2026_01_29_aca_subsidies_C,Aguiar,Mark,mark_aguiar,The possible need for subsidies substantially in excess of those initially provided by the ACA indicates that other changes in the healthcare system are needed to enable broad-based access.,Agree,8,NA,1
2026-01-29,US,aca_subsidies,C,2026_01_29_aca_subsidies_C,Altonji,Joseph,joseph_altonji,The possible need for subsidies substantially in excess of those initially provided by the ACA indicates that other changes in the healthcare system are needed to enable broad-based access.,Agree,3,NA,1
2026-01-29,US,aca_subsidies,C,2026_01_29_aca_subsidies_C,Auerbach,Alan,alan_auerbach,The possible need for subsidies substantially in excess of those initially provided by the ACA indicates that other changes in the healthcare system are needed to enable broad-based access.,Strongly Agree,7,NA,2
2026-01-29,US,aca_subsidies,C,2026_01_29_aca_subsidies_C,Autor,David,david_autor,The possible need for subsidies substantially in excess of those initially provided by the ACA indicates that other changes in the healthcare system are needed to enable broad-based access.,Strongly Agree,10,NA,2
2026-01-29,US,aca_subsidies,C,2026_01_29_aca_subsidies_C,Banerjee,Abhijit,abhijit_banerjee,The possible need for subsidies substantially in excess of those initially provided by the ACA indicates that other changes in the healthcare system are needed to enable broad-based access.,Agree,5,I found this difficult to interpret. We can deliver broad based healthcare without changing the system but it is likely to be cheaper if we take that route,1
2026-01-29,US,aca_subsidies,C,2026_01_29_aca_subsidies_C,Bergemann,Dirk,dirk_bergemann,The possible need for subsidies substantially in excess of those initially provided by the ACA indicates that other changes in the healthcare system are needed to enable broad-based access.,Agree,8,NA,1
2026-01-29,US,aca_subsidies,C,2026_01_29_aca_subsidies_C,Bertrand,Marianne,marianne_bertrand,The possible need for subsidies substantially in excess of those initially provided by the ACA indicates that other changes in the healthcare system are needed to enable broad-based access.,Agree,5,NA,1
2026-01-29,US,aca_subsidies,C,2026_01_29_aca_subsidies_C,Brunnermeier,Markus,markus_brunnermeier,The possible need for subsidies substantially in excess of those initially provided by the ACA indicates that other changes in the healthcare system are needed to enable broad-based access.,Did Not Answer,NA,NA,NA
2026-01-29,US,aca_subsidies,C,2026_01_29_aca_subsidies_C,Chevalier,Judith,judith_chevalier,The possible need for subsidies substantially in excess of those initially provided by the ACA indicates that other changes in the healthcare system are needed to enable broad-based access.,Agree,6,NA,1
2026-01-29,US,aca_subsidies,C,2026_01_29_aca_subsidies_C,Cutler,David,david_cutler,The possible need for subsidies substantially in excess of those initially provided by the ACA indicates that other changes in the healthcare system are needed to enable broad-based access.,Strongly Agree,8,NA,2
2026-01-29,US,aca_subsidies,C,2026_01_29_aca_subsidies_C,Duffie,Darrell,darrell_duffie,The possible need for subsidies substantially in excess of those initially provided by the ACA indicates that other changes in the healthcare system are needed to enable broad-based access.,Uncertain,1,NA,0
2026-01-29,US,aca_subsidies,C,2026_01_29_aca_subsidies_C,Edlin,Aaron,aaron_edlin,The possible need for subsidies substantially in excess of those initially provided by the ACA indicates that other changes in the healthcare system are needed to enable broad-based access.,Agree,5,NA,1
2026-01-29,US,aca_subsidies,C,2026_01_29_aca_subsidies_C,Eichengreen,Barry,barry_eichengreen,The possible need for subsidies substantially in excess of those initially provided by the ACA indicates that other changes in the healthcare system are needed to enable broad-based access.,Strongly Agree,5,NA,2
2026-01-29,US,aca_subsidies,C,2026_01_29_aca_subsidies_C,Einav,Liran,liran_einav,The possible need for subsidies substantially in excess of those initially provided by the ACA indicates that other changes in the healthcare system are needed to enable broad-based access.,Agree,7,NA,1
2026-01-29,US,aca_subsidies,C,2026_01_29_aca_subsidies_C,Fair,Ray,ray_fair,The possible need for subsidies substantially in excess of those initially provided by the ACA indicates that other changes in the healthcare system are needed to enable broad-based access.,Agree,5,NA,1
2026-01-29,US,aca_subsidies,C,2026_01_29_aca_subsidies_C,Glaeser,Edward,edward_glaeser,The possible need for subsidies substantially in excess of those initially provided by the ACA indicates that other changes in the healthcare system are needed to enable broad-based access.,Uncertain,5,NA,0
2026-01-29,US,aca_subsidies,C,2026_01_29_aca_subsidies_C,Goldberg,Pinelopi,pinelopi_goldberg,The possible need for subsidies substantially in excess of those initially provided by the ACA indicates that other changes in the healthcare system are needed to enable broad-based access.,Agree,7,NA,1
2026-01-29,US,aca_subsidies,C,2026_01_29_aca_subsidies_C,Greenstone,Michael,michael_greenstone,The possible need for subsidies substantially in excess of those initially provided by the ACA indicates that other changes in the healthcare system are needed to enable broad-based access.,Agree,5,NA,1
2026-01-29,US,aca_subsidies,C,2026_01_29_aca_subsidies_C,Hart,Oliver,oliver_hart,The possible need for subsidies substantially in excess of those initially provided by the ACA indicates that other changes in the healthcare system are needed to enable broad-based access.,Agree,7,NA,1
2026-01-29,US,aca_subsidies,C,2026_01_29_aca_subsidies_C,Hoxby,Caroline,caroline_hoxby,The possible need for subsidies substantially in excess of those initially provided by the ACA indicates that other changes in the healthcare system are needed to enable broad-based access.,Uncertain,7,NA,0
2026-01-29,US,aca_subsidies,C,2026_01_29_aca_subsidies_C,Hoynes,Hilary,hilary_hoynes,The possible need for subsidies substantially in excess of those initially provided by the ACA indicates that other changes in the healthcare system are needed to enable broad-based access.,Uncertain,5,May require changes in health system OR other parts of our economic system.,0
2026-01-29,US,aca_subsidies,C,2026_01_29_aca_subsidies_C,Hurst,Erik,erik_hurst,The possible need for subsidies substantially in excess of those initially provided by the ACA indicates that other changes in the healthcare system are needed to enable broad-based access.,Uncertain,1,NA,0
2026-01-29,US,aca_subsidies,C,2026_01_29_aca_subsidies_C,Judd,Kenneth,kenneth_judd,The possible need for subsidies substantially in excess of those initially provided by the ACA indicates that other changes in the healthcare system are needed to enable broad-based access.,Agree,5,NA,1
2026-01-29,US,aca_subsidies,C,2026_01_29_aca_subsidies_C,Kaplan,Steven,steven_kaplan,The possible need for subsidies substantially in excess of those initially provided by the ACA indicates that other changes in the healthcare system are needed to enable broad-based access.,Agree,8,NA,1
2026-01-29,US,aca_subsidies,C,2026_01_29_aca_subsidies_C,Kashyap,Anil,anil_kashyap,The possible need for subsidies substantially in excess of those initially provided by the ACA indicates that other changes in the healthcare system are needed to enable broad-based access.,Strongly Agree,7,The system we have now doesn't match the one that was designed initially.,2
2026-01-29,US,aca_subsidies,C,2026_01_29_aca_subsidies_C,Klenow,Pete,pete_klenow,The possible need for subsidies substantially in excess of those initially provided by the ACA indicates that other changes in the healthcare system are needed to enable broad-based access.,Strongly Agree,3,NA,2
2026-01-29,US,aca_subsidies,C,2026_01_29_aca_subsidies_C,Levin,Jonathan,jonathan_levin,The possible need for subsidies substantially in excess of those initially provided by the ACA indicates that other changes in the healthcare system are needed to enable broad-based access.,Strongly Agree,8,NA,2
2026-01-29,US,aca_subsidies,C,2026_01_29_aca_subsidies_C,Maskin,Eric,eric_maskin,The possible need for subsidies substantially in excess of those initially provided by the ACA indicates that other changes in the healthcare system are needed to enable broad-based access.,Agree,6,NA,1
2026-01-29,US,aca_subsidies,C,2026_01_29_aca_subsidies_C,Nordhaus,William,william_nordhaus,The possible need for subsidies substantially in excess of those initially provided by the ACA indicates that other changes in the healthcare system are needed to enable broad-based access.,Did Not Answer,NA,NA,NA
2026-01-29,US,aca_subsidies,C,2026_01_29_aca_subsidies_C,Obstfeld,Maurice,maurice_obstfeld,The possible need for subsidies substantially in excess of those initially provided by the ACA indicates that other changes in the healthcare system are needed to enable broad-based access.,Agree,3,NA,1
2026-01-29,US,aca_subsidies,C,2026_01_29_aca_subsidies_C,Pathak,Parag,parag_pathak,The possible need for subsidies substantially in excess of those initially provided by the ACA indicates that other changes in the healthcare system are needed to enable broad-based access.,Agree,3,NA,1
2026-01-29,US,aca_subsidies,C,2026_01_29_aca_subsidies_C,Samuelson,Larry,larry_samuelson,The possible need for subsidies substantially in excess of those initially provided by the ACA indicates that other changes in the healthcare system are needed to enable broad-based access.,Agree,8,The current US health care system stands out among developed nations by spending more while achieving less.,1
2026-01-29,US,aca_subsidies,C,2026_01_29_aca_subsidies_C,Scheinkman,José,jos_scheinkman,The possible need for subsidies substantially in excess of those initially provided by the ACA indicates that other changes in the healthcare system are needed to enable broad-based access.,Strongly Agree,8,NA,2
2026-01-29,US,aca_subsidies,C,2026_01_29_aca_subsidies_C,Schmalensee,Richard,richard_schmalensee,The possible need for subsidies substantially in excess of those initially provided by the ACA indicates that other changes in the healthcare system are needed to enable broad-based access.,Agree,5,"Not a great question: what's the standard for ""broad-based""? That our health care system needs fundamental change is beyond doubt, of course.",1
2026-01-29,US,aca_subsidies,C,2026_01_29_aca_subsidies_C,Scott Morton,Fiona,fiona_scottmorton,The possible need for subsidies substantially in excess of those initially provided by the ACA indicates that other changes in the healthcare system are needed to enable broad-based access.,Strongly Agree,10,NA,2
2026-01-29,US,aca_subsidies,C,2026_01_29_aca_subsidies_C,Shapiro,Carl,carl_shapiro,The possible need for subsidies substantially in excess of those initially provided by the ACA indicates that other changes in the healthcare system are needed to enable broad-based access.,Agree,4,NA,1
2026-01-29,US,aca_subsidies,C,2026_01_29_aca_subsidies_C,Shimer,Robert,robert_shimer,The possible need for subsidies substantially in excess of those initially provided by the ACA indicates that other changes in the healthcare system are needed to enable broad-based access.,Agree,6,NA,1
2026-01-29,US,aca_subsidies,C,2026_01_29_aca_subsidies_C,Stantcheva,Stefanie,stefanie_stantcheva,The possible need for subsidies substantially in excess of those initially provided by the ACA indicates that other changes in the healthcare system are needed to enable broad-based access.,Did Not Answer,NA,NA,NA
2026-01-29,US,aca_subsidies,C,2026_01_29_aca_subsidies_C,Stock,James,james_stock,The possible need for subsidies substantially in excess of those initially provided by the ACA indicates that other changes in the healthcare system are needed to enable broad-based access.,Agree,7,NA,1
2026-01-29,US,aca_subsidies,C,2026_01_29_aca_subsidies_C,Stokey,Nancy,nancy_stokey,The possible need for subsidies substantially in excess of those initially provided by the ACA indicates that other changes in the healthcare system are needed to enable broad-based access.,Uncertain,1,NA,0
2026-01-29,US,aca_subsidies,C,2026_01_29_aca_subsidies_C,Syverson,Chad,chad_syverson,The possible need for subsidies substantially in excess of those initially provided by the ACA indicates that other changes in the healthcare system are needed to enable broad-based access.,Agree,5,NA,1
2026-01-29,US,aca_subsidies,C,2026_01_29_aca_subsidies_C,Thaler,Richard,richard_thaler,The possible need for subsidies substantially in excess of those initially provided by the ACA indicates that other changes in the healthcare system are needed to enable broad-based access.,Strongly Agree,3,We pay high prices and get mediocre outcomes so we know the system is bad but those making the big bucks will fight to keep the status quo.,2
2026-01-29,US,aca_subsidies,C,2026_01_29_aca_subsidies_C,Udry,Christopher,christopher_udry,The possible need for subsidies substantially in excess of those initially provided by the ACA indicates that other changes in the healthcare system are needed to enable broad-based access.,Agree,7,NA,1
2026-01-29,US,aca_subsidies,C,2026_01_29_aca_subsidies_C,Werning,Ivan,ivan_werning,The possible need for subsidies substantially in excess of those initially provided by the ACA indicates that other changes in the healthcare system are needed to enable broad-based access.,Did Not Answer,NA,NA,NA
2026-05-13,US,ai_work_and_education,A,2026_05_13_ai_work_and_education_A,Acemoglu,Daron,daron_acemoglu,Use of artificial intelligence over the next ten years will lead to a substantial increase in the unemployment rates in advanced countries.,Agree,3,"I interpret use of AI to refer to current AI design and deployment practices. Fundamentally, such effects depend on choices made by AI companies (and businesses). There is a pro-worker AI path that would not lead to such unemployment effects, but that's not what is pursued.",1
2026-05-13,US,ai_work_and_education,A,2026_05_13_ai_work_and_education_A,Aguiar,Mark,mark_aguiar,Use of artificial intelligence over the next ten years will lead to a substantial increase in the unemployment rates in advanced countries.,Disagree,3,NA,-1
2026-05-13,US,ai_work_and_education,A,2026_05_13_ai_work_and_education_A,Altonji,Joseph,joseph_altonji,Use of artificial intelligence over the next ten years will lead to a substantial increase in the unemployment rates in advanced countries.,Uncertain,3,NA,0
2026-05-13,US,ai_work_and_education,A,2026_05_13_ai_work_and_education_A,Auerbach,Alan,alan_auerbach,Use of artificial intelligence over the next ten years will lead to a substantial increase in the unemployment rates in advanced countries.,Disagree,5,NA,-1
2026-05-13,US,ai_work_and_education,A,2026_05_13_ai_work_and_education_A,Autor,David,david_autor,Use of artificial intelligence over the next ten years will lead to a substantial increase in the unemployment rates in advanced countries.,Disagree,5,NA,-1
2026-05-13,US,ai_work_and_education,A,2026_05_13_ai_work_and_education_A,Banerjee,Abhijit,abhijit_banerjee,Use of artificial intelligence over the next ten years will lead to a substantial increase in the unemployment rates in advanced countries.,Did Not Answer,NA,NA,NA
2026-05-13,US,ai_work_and_education,A,2026_05_13_ai_work_and_education_A,Bergemann,Dirk,dirk_bergemann,Use of artificial intelligence over the next ten years will lead to a substantial increase in the unemployment rates in advanced countries.,Uncertain,6,NA,0
2026-05-13,US,ai_work_and_education,A,2026_05_13_ai_work_and_education_A,Bertrand,Marianne,marianne_bertrand,Use of artificial intelligence over the next ten years will lead to a substantial increase in the unemployment rates in advanced countries.,Agree,2,NA,1
2026-05-13,US,ai_work_and_education,A,2026_05_13_ai_work_and_education_A,Brunnermeier,Markus,markus_brunnermeier,Use of artificial intelligence over the next ten years will lead to a substantial increase in the unemployment rates in advanced countries.,Uncertain,9,NA,0
2026-05-13,US,ai_work_and_education,A,2026_05_13_ai_work_and_education_A,Chevalier,Judith,judith_chevalier,Use of artificial intelligence over the next ten years will lead to a substantial increase in the unemployment rates in advanced countries.,Uncertain,8,NA,0
2026-05-13,US,ai_work_and_education,A,2026_05_13_ai_work_and_education_A,Cutler,David,david_cutler,Use of artificial intelligence over the next ten years will lead to a substantial increase in the unemployment rates in advanced countries.,Uncertain,1,NA,0
2026-05-13,US,ai_work_and_education,A,2026_05_13_ai_work_and_education_A,Duffie,Darrell,darrell_duffie,Use of artificial intelligence over the next ten years will lead to a substantial increase in the unemployment rates in advanced countries.,Uncertain,2,NA,0
2026-05-13,US,ai_work_and_education,A,2026_05_13_ai_work_and_education_A,Edlin,Aaron,aaron_edlin,Use of artificial intelligence over the next ten years will lead to a substantial increase in the unemployment rates in advanced countries.,Uncertain,6,It is too early to know.  Past technological innovations have not.  But this time could be different.,0
2026-05-13,US,ai_work_and_education,A,2026_05_13_ai_work_and_education_A,Eichengreen,Barry,barry_eichengreen,Use of artificial intelligence over the next ten years will lead to a substantial increase in the unemployment rates in advanced countries.,Disagree,5,NA,-1
2026-05-13,US,ai_work_and_education,A,2026_05_13_ai_work_and_education_A,Einav,Liran,liran_einav,Use of artificial intelligence over the next ten years will lead to a substantial increase in the unemployment rates in advanced countries.,Uncertain,1,NA,0
2026-05-13,US,ai_work_and_education,A,2026_05_13_ai_work_and_education_A,Fair,Ray,ray_fair,Use of artificial intelligence over the next ten years will lead to a substantial increase in the unemployment rates in advanced countries.,Uncertain,5,NA,0
2026-05-13,US,ai_work_and_education,A,2026_05_13_ai_work_and_education_A,Glaeser,Edward,edward_glaeser,Use of artificial intelligence over the next ten years will lead to a substantial increase in the unemployment rates in advanced countries.,Uncertain,8,NA,0
2026-05-13,US,ai_work_and_education,A,2026_05_13_ai_work_and_education_A,Goldberg,Pinelopi,pinelopi_goldberg,Use of artificial intelligence over the next ten years will lead to a substantial increase in the unemployment rates in advanced countries.,Uncertain,8,NA,0
2026-05-13,US,ai_work_and_education,A,2026_05_13_ai_work_and_education_A,Greenstone,Michael,michael_greenstone,Use of artificial intelligence over the next ten years will lead to a substantial increase in the unemployment rates in advanced countries.,Uncertain,3,NA,0
2026-05-13,US,ai_work_and_education,A,2026_05_13_ai_work_and_education_A,Hart,Oliver,oliver_hart,Use of artificial intelligence over the next ten years will lead to a substantial increase in the unemployment rates in advanced countries.,Disagree,6,There will be substantial dislocation but I think people will find other jobs when AI is a substitute for what they are doing and in other cases it will be a complement.,-1
2026-05-13,US,ai_work_and_education,A,2026_05_13_ai_work_and_education_A,Hoxby,Caroline,caroline_hoxby,Use of artificial intelligence over the next ten years will lead to a substantial increase in the unemployment rates in advanced countries.,Uncertain,10,NA,0
2026-05-13,US,ai_work_and_education,A,2026_05_13_ai_work_and_education_A,Hoynes,Hilary,hilary_hoynes,Use of artificial intelligence over the next ten years will lead to a substantial increase in the unemployment rates in advanced countries.,Uncertain,5,I am more confident that inequality will rise (wages fall in the lower end) than unemployment rising.,0
2026-05-13,US,ai_work_and_education,A,2026_05_13_ai_work_and_education_A,Hurst,Erik,erik_hurst,Use of artificial intelligence over the next ten years will lead to a substantial increase in the unemployment rates in advanced countries.,Uncertain,5,"Historically, labor displacing technologies sho up as declines in participation rates not an increase in unemployment rates.",0
2026-05-13,US,ai_work_and_education,A,2026_05_13_ai_work_and_education_A,Judd,Kenneth,kenneth_judd,Use of artificial intelligence over the next ten years will lead to a substantial increase in the unemployment rates in advanced countries.,Uncertain,8,There will be serious impacts of AI on the labor force but the impact on unemployment will depend on the sector and country. Many workers will suffer substantial wage loss. Older workers may retire earlier than planned. Unemployment is not indicative of long-run impacts.,0
2026-05-13,US,ai_work_and_education,A,2026_05_13_ai_work_and_education_A,Kaplan,Steven,steven_kaplan,Use of artificial intelligence over the next ten years will lead to a substantial increase in the unemployment rates in advanced countries.,Strongly Disagree,5,Expect increased productivity to lead to more employment over time.  There may be short-term volatility.,-2
2026-05-13,US,ai_work_and_education,A,2026_05_13_ai_work_and_education_A,Kashyap,Anil,anil_kashyap,Use of artificial intelligence over the next ten years will lead to a substantial increase in the unemployment rates in advanced countries.,Disagree,2,"low conviction, but it does not seem to be happening and there are forces that can go in both directions.",-1
2026-05-13,US,ai_work_and_education,A,2026_05_13_ai_work_and_education_A,Klenow,Pete,pete_klenow,Use of artificial intelligence over the next ten years will lead to a substantial increase in the unemployment rates in advanced countries.,Disagree,5,NA,-1
2026-05-13,US,ai_work_and_education,A,2026_05_13_ai_work_and_education_A,Levin,Jonathan,jonathan_levin,Use of artificial intelligence over the next ten years will lead to a substantial increase in the unemployment rates in advanced countries.,Uncertain,6,NA,0
2026-05-13,US,ai_work_and_education,A,2026_05_13_ai_work_and_education_A,Maskin,Eric,eric_maskin,Use of artificial intelligence over the next ten years will lead to a substantial increase in the unemployment rates in advanced countries.,Uncertain,3,"Many jobs will surely be lost, but we don’t know yet how many new ones will be created.",0
2026-05-13,US,ai_work_and_education,A,2026_05_13_ai_work_and_education_A,Nordhaus,William,william_nordhaus,Use of artificial intelligence over the next ten years will lead to a substantial increase in the unemployment rates in advanced countries.,Did Not Answer,NA,NA,NA
2026-05-13,US,ai_work_and_education,A,2026_05_13_ai_work_and_education_A,Obstfeld,Maurice,maurice_obstfeld,Use of artificial intelligence over the next ten years will lead to a substantial increase in the unemployment rates in advanced countries.,Disagree,2,NA,-1
2026-05-13,US,ai_work_and_education,A,2026_05_13_ai_work_and_education_A,Pathak,Parag,parag_pathak,Use of artificial intelligence over the next ten years will lead to a substantial increase in the unemployment rates in advanced countries.,Agree,1,NA,1
2026-05-13,US,ai_work_and_education,A,2026_05_13_ai_work_and_education_A,Samuelson,Larry,larry_samuelson,Use of artificial intelligence over the next ten years will lead to a substantial increase in the unemployment rates in advanced countries.,Disagree,6,"AI will eliminate many types of jobs, but will likely open up many new ones, just as with previous technological innovations.",-1
2026-05-13,US,ai_work_and_education,A,2026_05_13_ai_work_and_education_A,Scheinkman,José,jos_scheinkman,Use of artificial intelligence over the next ten years will lead to a substantial increase in the unemployment rates in advanced countries.,Agree,6,"As technology  and the China shocks previously, AI will change the relative demand for workers with different skills. Countries with more rigid wages  would face increased  unemployment while other countries should experience wage stagnation and losses.",1
2026-05-13,US,ai_work_and_education,A,2026_05_13_ai_work_and_education_A,Schmalensee,Richard,richard_schmalensee,Use of artificial intelligence over the next ten years will lead to a substantial increase in the unemployment rates in advanced countries.,Uncertain,5,Could be a lot of underemployment.,0
2026-05-13,US,ai_work_and_education,A,2026_05_13_ai_work_and_education_A,Scott Morton,Fiona,fiona_scottmorton,Use of artificial intelligence over the next ten years will lead to a substantial increase in the unemployment rates in advanced countries.,Agree,5,NA,1
2026-05-13,US,ai_work_and_education,A,2026_05_13_ai_work_and_education_A,Shapiro,Carl,carl_shapiro,Use of artificial intelligence over the next ten years will lead to a substantial increase in the unemployment rates in advanced countries.,Uncertain,6,NA,0
2026-05-13,US,ai_work_and_education,A,2026_05_13_ai_work_and_education_A,Shimer,Robert,robert_shimer,Use of artificial intelligence over the next ten years will lead to a substantial increase in the unemployment rates in advanced countries.,Uncertain,3,NA,0
2026-05-13,US,ai_work_and_education,A,2026_05_13_ai_work_and_education_A,Stantcheva,Stefanie,stefanie_stantcheva,Use of artificial intelligence over the next ten years will lead to a substantial increase in the unemployment rates in advanced countries.,Did Not Answer,NA,NA,NA
2026-05-13,US,ai_work_and_education,A,2026_05_13_ai_work_and_education_A,Stock,James,james_stock,Use of artificial intelligence over the next ten years will lead to a substantial increase in the unemployment rates in advanced countries.,Uncertain,3,"Seems more likely that there would be a decline in the labor force participation rate as workers made obsolete drop out of the formal labor market, but who knows...",0
2026-05-13,US,ai_work_and_education,A,2026_05_13_ai_work_and_education_A,Stokey,Nancy,nancy_stokey,Use of artificial intelligence over the next ten years will lead to a substantial increase in the unemployment rates in advanced countries.,Did Not Answer,NA,NA,NA
2026-05-13,US,ai_work_and_education,A,2026_05_13_ai_work_and_education_A,Syverson,Chad,chad_syverson,Use of artificial intelligence over the next ten years will lead to a substantial increase in the unemployment rates in advanced countries.,Disagree,6,"I would expect certain occupations to be substantially negatively affected, but countervailing influences and adoption frictions will expectedly mitigate negative overall effects.",-1
2026-05-13,US,ai_work_and_education,A,2026_05_13_ai_work_and_education_A,Thaler,Richard,richard_thaler,Use of artificial intelligence over the next ten years will lead to a substantial increase in the unemployment rates in advanced countries.,Uncertain,1,NA,0
2026-05-13,US,ai_work_and_education,A,2026_05_13_ai_work_and_education_A,Udry,Christopher,christopher_udry,Use of artificial intelligence over the next ten years will lead to a substantial increase in the unemployment rates in advanced countries.,Uncertain,5,NA,0
2026-05-13,US,ai_work_and_education,A,2026_05_13_ai_work_and_education_A,Werning,Ivan,ivan_werning,Use of artificial intelligence over the next ten years will lead to a substantial increase in the unemployment rates in advanced countries.,Uncertain,6,"Previous forms of automation have not lead to high aggregate unemployment. This technology may, however, be different, so it is uncertain. Unemployment is more likely when displacement is coupled with high unemployment insurance benefits.",0
2026-05-13,US,ai_work_and_education,B,2026_05_13_ai_work_and_education_B,Acemoglu,Daron,daron_acemoglu,Use of artificial intelligence over the next ten years will have a negative impact on the earnings potential of substantial numbers of high-skilled workers in advanced countries.,Uncertain,4,"There are many claims that AI will impact high-skill workers. The evidence outside of coding is scant. AI will displace customer service and many other service workers. If displaced, high-skill workers may be able to adapt better to AI and take jobs away from low-skill workers.",0
2026-05-13,US,ai_work_and_education,B,2026_05_13_ai_work_and_education_B,Aguiar,Mark,mark_aguiar,Use of artificial intelligence over the next ten years will have a negative impact on the earnings potential of substantial numbers of high-skilled workers in advanced countries.,Uncertain,3,NA,0
2026-05-13,US,ai_work_and_education,B,2026_05_13_ai_work_and_education_B,Altonji,Joseph,joseph_altonji,Use of artificial intelligence over the next ten years will have a negative impact on the earnings potential of substantial numbers of high-skilled workers in advanced countries.,Agree,5,NA,1
2026-05-13,US,ai_work_and_education,B,2026_05_13_ai_work_and_education_B,Auerbach,Alan,alan_auerbach,Use of artificial intelligence over the next ten years will have a negative impact on the earnings potential of substantial numbers of high-skilled workers in advanced countries.,Uncertain,5,NA,0
2026-05-13,US,ai_work_and_education,B,2026_05_13_ai_work_and_education_B,Autor,David,david_autor,Use of artificial intelligence over the next ten years will have a negative impact on the earnings potential of substantial numbers of high-skilled workers in advanced countries.,Uncertain,5,NA,0
2026-05-13,US,ai_work_and_education,B,2026_05_13_ai_work_and_education_B,Banerjee,Abhijit,abhijit_banerjee,Use of artificial intelligence over the next ten years will have a negative impact on the earnings potential of substantial numbers of high-skilled workers in advanced countries.,Did Not Answer,NA,NA,NA
2026-05-13,US,ai_work_and_education,B,2026_05_13_ai_work_and_education_B,Bergemann,Dirk,dirk_bergemann,Use of artificial intelligence over the next ten years will have a negative impact on the earnings potential of substantial numbers of high-skilled workers in advanced countries.,Agree,7,NA,1
2026-05-13,US,ai_work_and_education,B,2026_05_13_ai_work_and_education_B,Bertrand,Marianne,marianne_bertrand,Use of artificial intelligence over the next ten years will have a negative impact on the earnings potential of substantial numbers of high-skilled workers in advanced countries.,Strongly Agree,7,NA,2
2026-05-13,US,ai_work_and_education,B,2026_05_13_ai_work_and_education_B,Brunnermeier,Markus,markus_brunnermeier,Use of artificial intelligence over the next ten years will have a negative impact on the earnings potential of substantial numbers of high-skilled workers in advanced countries.,Agree,9,NA,1
2026-05-13,US,ai_work_and_education,B,2026_05_13_ai_work_and_education_B,Chevalier,Judith,judith_chevalier,Use of artificial intelligence over the next ten years will have a negative impact on the earnings potential of substantial numbers of high-skilled workers in advanced countries.,Agree,4,Agree but tricky to tell WHICH workers.,1
2026-05-13,US,ai_work_and_education,B,2026_05_13_ai_work_and_education_B,Cutler,David,david_cutler,Use of artificial intelligence over the next ten years will have a negative impact on the earnings potential of substantial numbers of high-skilled workers in advanced countries.,Agree,4,NA,1
2026-05-13,US,ai_work_and_education,B,2026_05_13_ai_work_and_education_B,Duffie,Darrell,darrell_duffie,Use of artificial intelligence over the next ten years will have a negative impact on the earnings potential of substantial numbers of high-skilled workers in advanced countries.,Agree,2,NA,1
2026-05-13,US,ai_work_and_education,B,2026_05_13_ai_work_and_education_B,Edlin,Aaron,aaron_edlin,Use of artificial intelligence over the next ten years will have a negative impact on the earnings potential of substantial numbers of high-skilled workers in advanced countries.,Uncertain,1,NA,0
2026-05-13,US,ai_work_and_education,B,2026_05_13_ai_work_and_education_B,Eichengreen,Barry,barry_eichengreen,Use of artificial intelligence over the next ten years will have a negative impact on the earnings potential of substantial numbers of high-skilled workers in advanced countries.,Disagree,5,NA,-1
2026-05-13,US,ai_work_and_education,B,2026_05_13_ai_work_and_education_B,Einav,Liran,liran_einav,Use of artificial intelligence over the next ten years will have a negative impact on the earnings potential of substantial numbers of high-skilled workers in advanced countries.,Agree,1,NA,1
2026-05-13,US,ai_work_and_education,B,2026_05_13_ai_work_and_education_B,Fair,Ray,ray_fair,Use of artificial intelligence over the next ten years will have a negative impact on the earnings potential of substantial numbers of high-skilled workers in advanced countries.,Uncertain,5,NA,0
2026-05-13,US,ai_work_and_education,B,2026_05_13_ai_work_and_education_B,Glaeser,Edward,edward_glaeser,Use of artificial intelligence over the next ten years will have a negative impact on the earnings potential of substantial numbers of high-skilled workers in advanced countries.,Uncertain,8,NA,0
2026-05-13,US,ai_work_and_education,B,2026_05_13_ai_work_and_education_B,Goldberg,Pinelopi,pinelopi_goldberg,Use of artificial intelligence over the next ten years will have a negative impact on the earnings potential of substantial numbers of high-skilled workers in advanced countries.,Uncertain,8,NA,0
2026-05-13,US,ai_work_and_education,B,2026_05_13_ai_work_and_education_B,Greenstone,Michael,michael_greenstone,Use of artificial intelligence over the next ten years will have a negative impact on the earnings potential of substantial numbers of high-skilled workers in advanced countries.,Agree,4,NA,1
2026-05-13,US,ai_work_and_education,B,2026_05_13_ai_work_and_education_B,Hart,Oliver,oliver_hart,Use of artificial intelligence over the next ten years will have a negative impact on the earnings potential of substantial numbers of high-skilled workers in advanced countries.,Disagree,6,NA,-1
2026-05-13,US,ai_work_and_education,B,2026_05_13_ai_work_and_education_B,Hoxby,Caroline,caroline_hoxby,Use of artificial intelligence over the next ten years will have a negative impact on the earnings potential of substantial numbers of high-skilled workers in advanced countries.,Uncertain,10,NA,0
2026-05-13,US,ai_work_and_education,B,2026_05_13_ai_work_and_education_B,Hoynes,Hilary,hilary_hoynes,Use of artificial intelligence over the next ten years will have a negative impact on the earnings potential of substantial numbers of high-skilled workers in advanced countries.,Uncertain,5,NA,0
2026-05-13,US,ai_work_and_education,B,2026_05_13_ai_work_and_education_B,Hurst,Erik,erik_hurst,Use of artificial intelligence over the next ten years will have a negative impact on the earnings potential of substantial numbers of high-skilled workers in advanced countries.,Agree,5,New jibs will be created.  But some high educated workers may end up moving down the job ladder if there job is displaced.,1
2026-05-13,US,ai_work_and_education,B,2026_05_13_ai_work_and_education_B,Judd,Kenneth,kenneth_judd,Use of artificial intelligence over the next ten years will have a negative impact on the earnings potential of substantial numbers of high-skilled workers in advanced countries.,Agree,8,Many administrative jobs will be eliminated. Reimbursements at Stanford is increasingly burdensome. Bureaucrats slow the process with silly questions that have easy answers. AI bureaucrats may ask the same questions but they will be faster .... and cheaper!,1
2026-05-13,US,ai_work_and_education,B,2026_05_13_ai_work_and_education_B,Kaplan,Steven,steven_kaplan,Use of artificial intelligence over the next ten years will have a negative impact on the earnings potential of substantial numbers of high-skilled workers in advanced countries.,Disagree,3,NA,-1
2026-05-13,US,ai_work_and_education,B,2026_05_13_ai_work_and_education_B,Kashyap,Anil,anil_kashyap,Use of artificial intelligence over the next ten years will have a negative impact on the earnings potential of substantial numbers of high-skilled workers in advanced countries.,Uncertain,3,NA,0
2026-05-13,US,ai_work_and_education,B,2026_05_13_ai_work_and_education_B,Klenow,Pete,pete_klenow,Use of artificial intelligence over the next ten years will have a negative impact on the earnings potential of substantial numbers of high-skilled workers in advanced countries.,Agree,5,NA,1
2026-05-13,US,ai_work_and_education,B,2026_05_13_ai_work_and_education_B,Levin,Jonathan,jonathan_levin,Use of artificial intelligence over the next ten years will have a negative impact on the earnings potential of substantial numbers of high-skilled workers in advanced countries.,Uncertain,5,NA,0
2026-05-13,US,ai_work_and_education,B,2026_05_13_ai_work_and_education_B,Maskin,Eric,eric_maskin,Use of artificial intelligence over the next ten years will have a negative impact on the earnings potential of substantial numbers of high-skilled workers in advanced countries.,Agree,4,"High-skilled professionals whose work is repetitive---e.g., radiologists---may be oarticularly affected",1
2026-05-13,US,ai_work_and_education,B,2026_05_13_ai_work_and_education_B,Nordhaus,William,william_nordhaus,Use of artificial intelligence over the next ten years will have a negative impact on the earnings potential of substantial numbers of high-skilled workers in advanced countries.,Did Not Answer,NA,NA,NA
2026-05-13,US,ai_work_and_education,B,2026_05_13_ai_work_and_education_B,Obstfeld,Maurice,maurice_obstfeld,Use of artificial intelligence over the next ten years will have a negative impact on the earnings potential of substantial numbers of high-skilled workers in advanced countries.,Disagree,2,NA,-1
2026-05-13,US,ai_work_and_education,B,2026_05_13_ai_work_and_education_B,Pathak,Parag,parag_pathak,Use of artificial intelligence over the next ten years will have a negative impact on the earnings potential of substantial numbers of high-skilled workers in advanced countries.,Uncertain,1,NA,0
2026-05-13,US,ai_work_and_education,B,2026_05_13_ai_work_and_education_B,Samuelson,Larry,larry_samuelson,Use of artificial intelligence over the next ten years will have a negative impact on the earnings potential of substantial numbers of high-skilled workers in advanced countries.,Disagree,6,"AI will decrease the earnings potential of a substantial number of jobs, but will open up earning potential in other types of jobs.",-1
2026-05-13,US,ai_work_and_education,B,2026_05_13_ai_work_and_education_B,Scheinkman,José,jos_scheinkman,Use of artificial intelligence over the next ten years will have a negative impact on the earnings potential of substantial numbers of high-skilled workers in advanced countries.,Uncertain,5,NA,0
2026-05-13,US,ai_work_and_education,B,2026_05_13_ai_work_and_education_B,Schmalensee,Richard,richard_schmalensee,Use of artificial intelligence over the next ten years will have a negative impact on the earnings potential of substantial numbers of high-skilled workers in advanced countries.,Agree,3,NA,1
2026-05-13,US,ai_work_and_education,B,2026_05_13_ai_work_and_education_B,Scott Morton,Fiona,fiona_scottmorton,Use of artificial intelligence over the next ten years will have a negative impact on the earnings potential of substantial numbers of high-skilled workers in advanced countries.,Agree,5,NA,1
2026-05-13,US,ai_work_and_education,B,2026_05_13_ai_work_and_education_B,Shapiro,Carl,carl_shapiro,Use of artificial intelligence over the next ten years will have a negative impact on the earnings potential of substantial numbers of high-skilled workers in advanced countries.,Agree,4,NA,1
2026-05-13,US,ai_work_and_education,B,2026_05_13_ai_work_and_education_B,Shimer,Robert,robert_shimer,Use of artificial intelligence over the next ten years will have a negative impact on the earnings potential of substantial numbers of high-skilled workers in advanced countries.,Agree,7,Use of artificial intelligence over the next ten years will have a negative impact on some high-skilled workers and a positive impact on others.,1
2026-05-13,US,ai_work_and_education,B,2026_05_13_ai_work_and_education_B,Stantcheva,Stefanie,stefanie_stantcheva,Use of artificial intelligence over the next ten years will have a negative impact on the earnings potential of substantial numbers of high-skilled workers in advanced countries.,Did Not Answer,NA,NA,NA
2026-05-13,US,ai_work_and_education,B,2026_05_13_ai_work_and_education_B,Stock,James,james_stock,Use of artificial intelligence over the next ten years will have a negative impact on the earnings potential of substantial numbers of high-skilled workers in advanced countries.,Agree,5,NA,1
2026-05-13,US,ai_work_and_education,B,2026_05_13_ai_work_and_education_B,Stokey,Nancy,nancy_stokey,Use of artificial intelligence over the next ten years will have a negative impact on the earnings potential of substantial numbers of high-skilled workers in advanced countries.,Did Not Answer,NA,NA,NA
2026-05-13,US,ai_work_and_education,B,2026_05_13_ai_work_and_education_B,Syverson,Chad,chad_syverson,Use of artificial intelligence over the next ten years will have a negative impact on the earnings potential of substantial numbers of high-skilled workers in advanced countries.,Disagree,4,"Could happen in theory, but the early empirical work (and to be fair it is very early) is not showing any sign of this.",-1
2026-05-13,US,ai_work_and_education,B,2026_05_13_ai_work_and_education_B,Thaler,Richard,richard_thaler,Use of artificial intelligence over the next ten years will have a negative impact on the earnings potential of substantial numbers of high-skilled workers in advanced countries.,Uncertain,1,NA,0
2026-05-13,US,ai_work_and_education,B,2026_05_13_ai_work_and_education_B,Udry,Christopher,christopher_udry,Use of artificial intelligence over the next ten years will have a negative impact on the earnings potential of substantial numbers of high-skilled workers in advanced countries.,Agree,6,NA,1
2026-05-13,US,ai_work_and_education,B,2026_05_13_ai_work_and_education_B,Werning,Ivan,ivan_werning,Use of artificial intelligence over the next ten years will have a negative impact on the earnings potential of substantial numbers of high-skilled workers in advanced countries.,Agree,3,"A real possibility reasonable guess give its trend and general purpose nature and basic supply vs demand logic (it proxy well for an increase in supply of high skill labor), but HIGH UNCERTAINTY remains —> low confidence on my ""guesstimate"" (can it push demand out too?).",1
2026-05-13,US,ai_work_and_education,C,2026_05_13_ai_work_and_education_C,Acemoglu,Daron,daron_acemoglu,Use of artificial intelligence over the next ten years will lead to substantially greater uncertainty about the likely returns to investment in education.,Agree,4,"This is true even if AI does not affect high-skill workers adversely. AI is creating huge uncertainty about the labor market and jobs, and this will impact education.  AI in classrooms is also impacting human cognition and creating uncertainty about how student learning.",1
2026-05-13,US,ai_work_and_education,C,2026_05_13_ai_work_and_education_C,Aguiar,Mark,mark_aguiar,Use of artificial intelligence over the next ten years will lead to substantially greater uncertainty about the likely returns to investment in education.,Agree,3,NA,1
2026-05-13,US,ai_work_and_education,C,2026_05_13_ai_work_and_education_C,Altonji,Joseph,joseph_altonji,Use of artificial intelligence over the next ten years will lead to substantially greater uncertainty about the likely returns to investment in education.,Agree,5,NA,1
2026-05-13,US,ai_work_and_education,C,2026_05_13_ai_work_and_education_C,Auerbach,Alan,alan_auerbach,Use of artificial intelligence over the next ten years will lead to substantially greater uncertainty about the likely returns to investment in education.,Uncertain,5,NA,0
2026-05-13,US,ai_work_and_education,C,2026_05_13_ai_work_and_education_C,Autor,David,david_autor,Use of artificial intelligence over the next ten years will lead to substantially greater uncertainty about the likely returns to investment in education.,Agree,8,NA,1
2026-05-13,US,ai_work_and_education,C,2026_05_13_ai_work_and_education_C,Banerjee,Abhijit,abhijit_banerjee,Use of artificial intelligence over the next ten years will lead to substantially greater uncertainty about the likely returns to investment in education.,Did Not Answer,NA,NA,NA
2026-05-13,US,ai_work_and_education,C,2026_05_13_ai_work_and_education_C,Bergemann,Dirk,dirk_bergemann,Use of artificial intelligence over the next ten years will lead to substantially greater uncertainty about the likely returns to investment in education.,Agree,7,NA,1
2026-05-13,US,ai_work_and_education,C,2026_05_13_ai_work_and_education_C,Bertrand,Marianne,marianne_bertrand,Use of artificial intelligence over the next ten years will lead to substantially greater uncertainty about the likely returns to investment in education.,Strongly Agree,7,NA,2
2026-05-13,US,ai_work_and_education,C,2026_05_13_ai_work_and_education_C,Brunnermeier,Markus,markus_brunnermeier,Use of artificial intelligence over the next ten years will lead to substantially greater uncertainty about the likely returns to investment in education.,Strongly Agree,10,NA,2
2026-05-13,US,ai_work_and_education,C,2026_05_13_ai_work_and_education_C,Chevalier,Judith,judith_chevalier,Use of artificial intelligence over the next ten years will lead to substantially greater uncertainty about the likely returns to investment in education.,Agree,7,Agree esp if we are talking about very specific types of education such as law school as opposed to more general purpose education.,1
2026-05-13,US,ai_work_and_education,C,2026_05_13_ai_work_and_education_C,Cutler,David,david_cutler,Use of artificial intelligence over the next ten years will lead to substantially greater uncertainty about the likely returns to investment in education.,Agree,4,NA,1
2026-05-13,US,ai_work_and_education,C,2026_05_13_ai_work_and_education_C,Duffie,Darrell,darrell_duffie,Use of artificial intelligence over the next ten years will lead to substantially greater uncertainty about the likely returns to investment in education.,Agree,2,NA,1
2026-05-13,US,ai_work_and_education,C,2026_05_13_ai_work_and_education_C,Edlin,Aaron,aaron_edlin,Use of artificial intelligence over the next ten years will lead to substantially greater uncertainty about the likely returns to investment in education.,Agree,1,NA,1
2026-05-13,US,ai_work_and_education,C,2026_05_13_ai_work_and_education_C,Eichengreen,Barry,barry_eichengreen,Use of artificial intelligence over the next ten years will lead to substantially greater uncertainty about the likely returns to investment in education.,Disagree,5,NA,-1
2026-05-13,US,ai_work_and_education,C,2026_05_13_ai_work_and_education_C,Einav,Liran,liran_einav,Use of artificial intelligence over the next ten years will lead to substantially greater uncertainty about the likely returns to investment in education.,Agree,1,NA,1
2026-05-13,US,ai_work_and_education,C,2026_05_13_ai_work_and_education_C,Fair,Ray,ray_fair,Use of artificial intelligence over the next ten years will lead to substantially greater uncertainty about the likely returns to investment in education.,Uncertain,5,NA,0
2026-05-13,US,ai_work_and_education,C,2026_05_13_ai_work_and_education_C,Glaeser,Edward,edward_glaeser,Use of artificial intelligence over the next ten years will lead to substantially greater uncertainty about the likely returns to investment in education.,Disagree,6,NA,-1
2026-05-13,US,ai_work_and_education,C,2026_05_13_ai_work_and_education_C,Goldberg,Pinelopi,pinelopi_goldberg,Use of artificial intelligence over the next ten years will lead to substantially greater uncertainty about the likely returns to investment in education.,Agree,8,NA,1
2026-05-13,US,ai_work_and_education,C,2026_05_13_ai_work_and_education_C,Greenstone,Michael,michael_greenstone,Use of artificial intelligence over the next ten years will lead to substantially greater uncertainty about the likely returns to investment in education.,Uncertain,3,NA,0
2026-05-13,US,ai_work_and_education,C,2026_05_13_ai_work_and_education_C,Hart,Oliver,oliver_hart,Use of artificial intelligence over the next ten years will lead to substantially greater uncertainty about the likely returns to investment in education.,Disagree,6,NA,-1
2026-05-13,US,ai_work_and_education,C,2026_05_13_ai_work_and_education_C,Hoxby,Caroline,caroline_hoxby,Use of artificial intelligence over the next ten years will lead to substantially greater uncertainty about the likely returns to investment in education.,Agree,8,NA,1
2026-05-13,US,ai_work_and_education,C,2026_05_13_ai_work_and_education_C,Hoynes,Hilary,hilary_hoynes,Use of artificial intelligence over the next ten years will lead to substantially greater uncertainty about the likely returns to investment in education.,Uncertain,5,NA,0
2026-05-13,US,ai_work_and_education,C,2026_05_13_ai_work_and_education_C,Hurst,Erik,erik_hurst,Use of artificial intelligence over the next ten years will lead to substantially greater uncertainty about the likely returns to investment in education.,Disagree,5,NA,-1
2026-05-13,US,ai_work_and_education,C,2026_05_13_ai_work_and_education_C,Judd,Kenneth,kenneth_judd,Use of artificial intelligence over the next ten years will lead to substantially greater uncertainty about the likely returns to investment in education.,Agree,8,For 50 years I told students that math and CS courses will give you an advantage no matter what field you end up in. The big change is computers are becoming (as I predicted in my book in 1998) as smart as people. Being smarter than other people used to be enough. Not any more.,1
2026-05-13,US,ai_work_and_education,C,2026_05_13_ai_work_and_education_C,Kaplan,Steven,steven_kaplan,Use of artificial intelligence over the next ten years will lead to substantially greater uncertainty about the likely returns to investment in education.,Disagree,5,We will still need people to tell the AI what to do.,-1
2026-05-13,US,ai_work_and_education,C,2026_05_13_ai_work_and_education_C,Kashyap,Anil,anil_kashyap,Use of artificial intelligence over the next ten years will lead to substantially greater uncertainty about the likely returns to investment in education.,Agree,3,"whether it is objectively true that the uncertainty is higher, the perception is likely to be such.",1
2026-05-13,US,ai_work_and_education,C,2026_05_13_ai_work_and_education_C,Klenow,Pete,pete_klenow,Use of artificial intelligence over the next ten years will lead to substantially greater uncertainty about the likely returns to investment in education.,Agree,5,We will find out when studies like this one are updated.,1
2026-05-13,US,ai_work_and_education,C,2026_05_13_ai_work_and_education_C,Levin,Jonathan,jonathan_levin,Use of artificial intelligence over the next ten years will lead to substantially greater uncertainty about the likely returns to investment in education.,Agree,4,NA,1
2026-05-13,US,ai_work_and_education,C,2026_05_13_ai_work_and_education_C,Maskin,Eric,eric_maskin,Use of artificial intelligence over the next ten years will lead to substantially greater uncertainty about the likely returns to investment in education.,Agree,4,NA,1
2026-05-13,US,ai_work_and_education,C,2026_05_13_ai_work_and_education_C,Nordhaus,William,william_nordhaus,Use of artificial intelligence over the next ten years will lead to substantially greater uncertainty about the likely returns to investment in education.,Did Not Answer,NA,NA,NA
2026-05-13,US,ai_work_and_education,C,2026_05_13_ai_work_and_education_C,Obstfeld,Maurice,maurice_obstfeld,Use of artificial intelligence over the next ten years will lead to substantially greater uncertainty about the likely returns to investment in education.,Uncertain,2,NA,0
2026-05-13,US,ai_work_and_education,C,2026_05_13_ai_work_and_education_C,Pathak,Parag,parag_pathak,Use of artificial intelligence over the next ten years will lead to substantially greater uncertainty about the likely returns to investment in education.,Uncertain,1,NA,0
2026-05-13,US,ai_work_and_education,C,2026_05_13_ai_work_and_education_C,Samuelson,Larry,larry_samuelson,Use of artificial intelligence over the next ten years will lead to substantially greater uncertainty about the likely returns to investment in education.,Agree,6,"At this point, AI creates a great deal of uncertainty, in many areas, and is likely to continue to do so.",1
2026-05-13,US,ai_work_and_education,C,2026_05_13_ai_work_and_education_C,Scheinkman,José,jos_scheinkman,Use of artificial intelligence over the next ten years will lead to substantially greater uncertainty about the likely returns to investment in education.,Agree,6,In many sectors affected by AI one sees a drop in the demand for workers entering the labor force.,1
2026-05-13,US,ai_work_and_education,C,2026_05_13_ai_work_and_education_C,Schmalensee,Richard,richard_schmalensee,Use of artificial intelligence over the next ten years will lead to substantially greater uncertainty about the likely returns to investment in education.,Agree,5,NA,1
2026-05-13,US,ai_work_and_education,C,2026_05_13_ai_work_and_education_C,Scott Morton,Fiona,fiona_scottmorton,Use of artificial intelligence over the next ten years will lead to substantially greater uncertainty about the likely returns to investment in education.,Agree,5,NA,1
2026-05-13,US,ai_work_and_education,C,2026_05_13_ai_work_and_education_C,Shapiro,Carl,carl_shapiro,Use of artificial intelligence over the next ten years will lead to substantially greater uncertainty about the likely returns to investment in education.,Uncertain,5,NA,0
2026-05-13,US,ai_work_and_education,C,2026_05_13_ai_work_and_education_C,Shimer,Robert,robert_shimer,Use of artificial intelligence over the next ten years will lead to substantially greater uncertainty about the likely returns to investment in education.,Uncertain,3,NA,0
2026-05-13,US,ai_work_and_education,C,2026_05_13_ai_work_and_education_C,Stantcheva,Stefanie,stefanie_stantcheva,Use of artificial intelligence over the next ten years will lead to substantially greater uncertainty about the likely returns to investment in education.,Did Not Answer,NA,NA,NA
2026-05-13,US,ai_work_and_education,C,2026_05_13_ai_work_and_education_C,Stock,James,james_stock,Use of artificial intelligence over the next ten years will lead to substantially greater uncertainty about the likely returns to investment in education.,Agree,4,NA,1
2026-05-13,US,ai_work_and_education,C,2026_05_13_ai_work_and_education_C,Stokey,Nancy,nancy_stokey,Use of artificial intelligence over the next ten years will lead to substantially greater uncertainty about the likely returns to investment in education.,Did Not Answer,NA,NA,NA
2026-05-13,US,ai_work_and_education,C,2026_05_13_ai_work_and_education_C,Syverson,Chad,chad_syverson,Use of artificial intelligence over the next ten years will lead to substantially greater uncertainty about the likely returns to investment in education.,Uncertain,5,NA,0
2026-05-13,US,ai_work_and_education,C,2026_05_13_ai_work_and_education_C,Thaler,Richard,richard_thaler,Use of artificial intelligence over the next ten years will lead to substantially greater uncertainty about the likely returns to investment in education.,Agree,1,Could go either way!,1
2026-05-13,US,ai_work_and_education,C,2026_05_13_ai_work_and_education_C,Udry,Christopher,christopher_udry,Use of artificial intelligence over the next ten years will lead to substantially greater uncertainty about the likely returns to investment in education.,Agree,6,NA,1
2026-05-13,US,ai_work_and_education,C,2026_05_13_ai_work_and_education_C,Werning,Ivan,ivan_werning,Use of artificial intelligence over the next ten years will lead to substantially greater uncertainty about the likely returns to investment in education.,Agree,3,"Possible since other skills may become relatively more scarce. Best guess, but high UNCERTAINTY —> low confidence in guesstimate.",1
2026-05-22,Euro,america_versus_europe,A,2026_05_22_america_versus_europe_A,Allen,Franklin,franklin_allen,"Over the past 25 years, the income of the median European citizen has declined substantially relative to the income of the median American citizen.",Agree,5,US growth has been relatively strong the last few years while European growth has been barely positive.,1
2026-05-22,Euro,america_versus_europe,A,2026_05_22_america_versus_europe_A,Antras,Pol,pol_antras,"Over the past 25 years, the income of the median European citizen has declined substantially relative to the income of the median American citizen.",Uncertain,5,"This is a bit too vague for me to answer definitely. The question is about changes, not levels, and medians not averages. Hard! I imagine the answer is Yes for most European countries, but No for a few Eastern European countries (Poland, Romania) that have grown A LOT since 2001.",0
2026-05-22,Euro,america_versus_europe,A,2026_05_22_america_versus_europe_A,Auriol,Emmanuelle,emmanuelle_auriol,"Over the past 25 years, the income of the median European citizen has declined substantially relative to the income of the median American citizen.",Disagree,4,NA,-1
2026-05-22,Euro,america_versus_europe,A,2026_05_22_america_versus_europe_A,Bénassy-Quéré,Agnès,agns_bnassyqur,"Over the past 25 years, the income of the median European citizen has declined substantially relative to the income of the median American citizen.",Did Not Answer,NA,NA,NA
2026-05-22,Euro,america_versus_europe,A,2026_05_22_america_versus_europe_A,Blanchard,Olivier,olivier_blanchard,"Over the past 25 years, the income of the median European citizen has declined substantially relative to the income of the median American citizen.",Uncertain,7,NA,0
2026-05-22,Euro,america_versus_europe,A,2026_05_22_america_versus_europe_A,Blundell,Richard William,richardwilliam_blundell,"Over the past 25 years, the income of the median European citizen has declined substantially relative to the income of the median American citizen.",Uncertain,4,NA,0
2026-05-22,Euro,america_versus_europe,A,2026_05_22_america_versus_europe_A,Botticini,Maristella,maristella_botticini,"Over the past 25 years, the income of the median European citizen has declined substantially relative to the income of the median American citizen.",Strongly Agree,8,NA,2
2026-05-22,Euro,america_versus_europe,A,2026_05_22_america_versus_europe_A,Cagé,Julia,julia_cag,"Over the past 25 years, the income of the median European citizen has declined substantially relative to the income of the median American citizen.",Strongly Disagree,8,"This is not what the data tell us. It is important not to rely on market exchange rates, but rather to think in PPP terms. In PPP terms, there is no such decline. Furthermore, productivity has increased at a similar rate in the US and the EU.",-2
2026-05-22,Euro,america_versus_europe,A,2026_05_22_america_versus_europe_A,Carletti,Elena,elena_carletti,"Over the past 25 years, the income of the median European citizen has declined substantially relative to the income of the median American citizen.",Agree,6,NA,1
2026-05-22,Euro,america_versus_europe,A,2026_05_22_america_versus_europe_A,Danthine,Jean-Pierre,jeanpierre_danthine,"Over the past 25 years, the income of the median European citizen has declined substantially relative to the income of the median American citizen.",Uncertain,1,NA,0
2026-05-22,Euro,america_versus_europe,A,2026_05_22_america_versus_europe_A,De Grauwe,Paul,paul_degrauwe,"Over the past 25 years, the income of the median European citizen has declined substantially relative to the income of the median American citizen.",Disagree,7,NA,-1
2026-05-22,Euro,america_versus_europe,A,2026_05_22_america_versus_europe_A,Eeckhout,Jan,jan_eeckhout,"Over the past 25 years, the income of the median European citizen has declined substantially relative to the income of the median American citizen.",Uncertain,8,"Which income, pre or post tax? It is not clear that pre-tax median income in the US has grown more than in Europe with a higher increase in inequality (US mean has grown more than median). And post-tax median income with more redistribution in most European countries even more so",0
2026-05-22,Euro,america_versus_europe,A,2026_05_22_america_versus_europe_A,Fatás,Antonio,antonio_fats,"Over the past 25 years, the income of the median European citizen has declined substantially relative to the income of the median American citizen.",Disagree,7,There has been a decrease but I would not use the word substantial given the magnitude.,-1
2026-05-22,Euro,america_versus_europe,A,2026_05_22_america_versus_europe_A,Fuchs-Schündeln,Nicola,nicola_fuchsschndeln,"Over the past 25 years, the income of the median European citizen has declined substantially relative to the income of the median American citizen.",Uncertain,8,"The income of the mean citizen in Europe has declined relative to the mean citizen in the US. For the median, I would have to look closer into the data. Also, how do we define the median European citizen? Do we treat Europe as one country?",0
2026-05-22,Euro,america_versus_europe,A,2026_05_22_america_versus_europe_A,Galí,Jordi,jordi_gal,"Over the past 25 years, the income of the median European citizen has declined substantially relative to the income of the median American citizen.",Uncertain,6,NA,0
2026-05-22,Euro,america_versus_europe,A,2026_05_22_america_versus_europe_A,Garicano,Luis,luis_garicano,"Over the past 25 years, the income of the median European citizen has declined substantially relative to the income of the median American citizen.",Did Not Answer,NA,NA,NA
2026-05-22,Euro,america_versus_europe,A,2026_05_22_america_versus_europe_A,Gorodnichenko,Yuriy,yuriy_gorodnichenko,"Over the past 25 years, the income of the median European citizen has declined substantially relative to the income of the median American citizen.",Strongly Agree,9,NA,2
2026-05-22,Euro,america_versus_europe,A,2026_05_22_america_versus_europe_A,Griffith,Rachel,rachel_griffith,"Over the past 25 years, the income of the median European citizen has declined substantially relative to the income of the median American citizen.",Did Not Answer,NA,NA,NA
2026-05-22,Euro,america_versus_europe,A,2026_05_22_america_versus_europe_A,Guerrieri,Veronica,veronica_guerrieri,"Over the past 25 years, the income of the median European citizen has declined substantially relative to the income of the median American citizen.",Agree,6,NA,1
2026-05-22,Euro,america_versus_europe,A,2026_05_22_america_versus_europe_A,Guiso,Luigi,luigi_guiso,"Over the past 25 years, the income of the median European citizen has declined substantially relative to the income of the median American citizen.",Did Not Answer,NA,NA,NA
2026-05-22,Euro,america_versus_europe,A,2026_05_22_america_versus_europe_A,Guriev,Sergei,sergei_guriev,"Over the past 25 years, the income of the median European citizen has declined substantially relative to the income of the median American citizen.",Agree,5,NA,1
2026-05-22,Euro,america_versus_europe,A,2026_05_22_america_versus_europe_A,Honohan,Patrick,patrick_honohan,"Over the past 25 years, the income of the median European citizen has declined substantially relative to the income of the median American citizen.",Disagree,5,"The key is median: income inequality in Europe as a whole seems to have been declining, but not in the US.  If the median income gap is widening, probably it is not by much. Garicano points are valid, but would not sufficiently affect this particular metric..",-1
2026-05-22,Euro,america_versus_europe,A,2026_05_22_america_versus_europe_A,Javorcik,Beata,beata_javorcik,"Over the past 25 years, the income of the median European citizen has declined substantially relative to the income of the median American citizen.",Disagree,5,NA,-1
2026-05-22,Euro,america_versus_europe,A,2026_05_22_america_versus_europe_A,Kőszegi,Botond,botond_kszegi,"Over the past 25 years, the income of the median European citizen has declined substantially relative to the income of the median American citizen.",Disagree,3,"It really depends on where the median European citizen lives. It may well be in a country like Czechia or Slovenia, which converged toward the US in the last 25 years.",-1
2026-05-22,Euro,america_versus_europe,A,2026_05_22_america_versus_europe_A,Krahnen,Jan Pieter,janpieter_krahnen,"Over the past 25 years, the income of the median European citizen has declined substantially relative to the income of the median American citizen.",Uncertain,6,"My hunch is that the discrepancies in income between US and EU have risen at the upper and lower quartile in opposite directions - but they were constant for the median household. The gap is negative in the upper quartile (US>EU), and negative in the lowest quartile (EU>US.",0
2026-05-22,Euro,america_versus_europe,A,2026_05_22_america_versus_europe_A,La Ferrara,Eliana,eliana_laferrara,"Over the past 25 years, the income of the median European citizen has declined substantially relative to the income of the median American citizen.",Did Not Answer,NA,NA,NA
2026-05-22,Euro,america_versus_europe,A,2026_05_22_america_versus_europe_A,Leuz,Christian,christian_leuz,"Over the past 25 years, the income of the median European citizen has declined substantially relative to the income of the median American citizen.",Agree,5,"There is relative decline for median citizen or household but it is modest when income is adj. for taxes, inflation & PPP. It is more pronounced using GDP per capita at market exch rates or when comparing top of income distribution. Also not a decline against all countries.",1
2026-05-22,Euro,america_versus_europe,A,2026_05_22_america_versus_europe_A,Manova,Kalina,kalina_manova,"Over the past 25 years, the income of the median European citizen has declined substantially relative to the income of the median American citizen.",Agree,7,NA,1
2026-05-22,Euro,america_versus_europe,A,2026_05_22_america_versus_europe_A,Mayer,Thierry,thierry_mayer,"Over the past 25 years, the income of the median European citizen has declined substantially relative to the income of the median American citizen.",Did Not Answer,NA,NA,NA
2026-05-22,Euro,america_versus_europe,A,2026_05_22_america_versus_europe_A,Meghir,Costas,costas_meghir,"Over the past 25 years, the income of the median European citizen has declined substantially relative to the income of the median American citizen.",Agree,9,NA,1
2026-05-22,Euro,america_versus_europe,A,2026_05_22_america_versus_europe_A,Pagano,Marco,marco_pagano,"Over the past 25 years, the income of the median European citizen has declined substantially relative to the income of the median American citizen.",Disagree,9,NA,-1
2026-05-22,Euro,america_versus_europe,A,2026_05_22_america_versus_europe_A,Papaioannou,Elias,elias_papaioannou,"Over the past 25 years, the income of the median European citizen has declined substantially relative to the income of the median American citizen.",Disagree,8,NA,-1
2026-05-22,Euro,america_versus_europe,A,2026_05_22_america_versus_europe_A,Pastor,Lubos,lubos_pastor,"Over the past 25 years, the income of the median European citizen has declined substantially relative to the income of the median American citizen.",Strongly Agree,9,NA,2
2026-05-22,Euro,america_versus_europe,A,2026_05_22_america_versus_europe_A,Portes,Richard,richard_portes,"Over the past 25 years, the income of the median European citizen has declined substantially relative to the income of the median American citizen.",Agree,10,NA,1
2026-05-22,Euro,america_versus_europe,A,2026_05_22_america_versus_europe_A,Prendergast,Canice,canice_prendergast,"Over the past 25 years, the income of the median European citizen has declined substantially relative to the income of the median American citizen.",Agree,4,NA,1
2026-05-22,Euro,america_versus_europe,A,2026_05_22_america_versus_europe_A,Propper,Carol,carol_propper,"Over the past 25 years, the income of the median European citizen has declined substantially relative to the income of the median American citizen.",Disagree,6,Median is different to mean. US median income stagnated post GFC until around 2018 then rose post COVID. Former communist bloc EU countries median income grew considerably during the last 25 years.,-1
2026-05-22,Euro,america_versus_europe,A,2026_05_22_america_versus_europe_A,Rasul,Imran,imran_rasul,"Over the past 25 years, the income of the median European citizen has declined substantially relative to the income of the median American citizen.",Agree,7,NA,1
2026-05-22,Euro,america_versus_europe,A,2026_05_22_america_versus_europe_A,Reichlin,Lucrezia,lucrezia_reichlin,"Over the past 25 years, the income of the median European citizen has declined substantially relative to the income of the median American citizen.",Did Not Answer,NA,NA,NA
2026-05-22,Euro,america_versus_europe,A,2026_05_22_america_versus_europe_A,Reis,Ricardo,ricardo_reis,"Over the past 25 years, the income of the median European citizen has declined substantially relative to the income of the median American citizen.",Strongly Agree,9,This is a fact. It is iInteresting to discuss whether different definitions of income for comparison purposes make the gap more or less substantial. But a fall is still a fall.,2
2026-05-22,Euro,america_versus_europe,A,2026_05_22_america_versus_europe_A,Repullo,Rafael,rafael_repullo,"Over the past 25 years, the income of the median European citizen has declined substantially relative to the income of the median American citizen.",Agree,4,NA,1
2026-05-22,Euro,america_versus_europe,A,2026_05_22_america_versus_europe_A,Schoar,Antoinette,antoinette_schoar,"Over the past 25 years, the income of the median European citizen has declined substantially relative to the income of the median American citizen.",Agree,7,NA,1
2026-05-22,Euro,america_versus_europe,A,2026_05_22_america_versus_europe_A,Storesletten,Kjetil,kjetil_storesletten,"Over the past 25 years, the income of the median European citizen has declined substantially relative to the income of the median American citizen.",Disagree,7,"Median income growth has been roughly equal in the US and Europe since 2000, although there is large heterogeneity. Income growth has been higher in Eastern Europe and lower in Germany",-1
2026-05-22,Euro,america_versus_europe,A,2026_05_22_america_versus_europe_A,Strömberg,Per,per_strmberg,"Over the past 25 years, the income of the median European citizen has declined substantially relative to the income of the median American citizen.",Disagree,7,"PPP-adjusted disposable income gap between EU and US is approximately the same today (~35% lower income in EU comp to US) as in the early 2000s.  Differs across countries, though. E.g. has increased w Germany, Italy and Greece; decreased w Sweden, Romania, Poland,...",-1
2026-05-22,Euro,america_versus_europe,A,2026_05_22_america_versus_europe_A,Sturm,Daniel,daniel_sturm,"Over the past 25 years, the income of the median European citizen has declined substantially relative to the income of the median American citizen.",Did Not Answer,NA,NA,NA
2026-05-22,Euro,america_versus_europe,A,2026_05_22_america_versus_europe_A,Tenreyro,Silvana,silvana_tenreyro,"Over the past 25 years, the income of the median European citizen has declined substantially relative to the income of the median American citizen.",Uncertain,1,European median incomes appear to have declined when expressed in USD. But the picture is less clear when doing PPP adjustments. Much more work is needed to agree on this basic indicator.,0
2026-05-22,Euro,america_versus_europe,A,2026_05_22_america_versus_europe_A,Van der Ploeg,Rick,rick_vanderploeg,"Over the past 25 years, the income of the median European citizen has declined substantially relative to the income of the median American citizen.",Agree,5,NA,1
2026-05-22,Euro,america_versus_europe,A,2026_05_22_america_versus_europe_A,Vickers,John,john_vickers,"Over the past 25 years, the income of the median European citizen has declined substantially relative to the income of the median American citizen.",Agree,4,NA,1
2026-05-22,Euro,america_versus_europe,A,2026_05_22_america_versus_europe_A,Voth,Hans-Joachim,hansjoachim_voth,"Over the past 25 years, the income of the median European citizen has declined substantially relative to the income of the median American citizen.",Disagree,7,NA,-1
2026-05-22,Euro,america_versus_europe,A,2026_05_22_america_versus_europe_A,Wyplosz,Charles,charles_wyplosz,"Over the past 25 years, the income of the median European citizen has declined substantially relative to the income of the median American citizen.",Strongly Agree,8,If measured as per capita GDP PPP adjusted,2
2026-05-22,Euro,america_versus_europe,B,2026_05_22_america_versus_europe_B,Allen,Franklin,franklin_allen,The living standards of the median European are not substantially lower than those of the median American.,Agree,4,It depends how the term living standards are interpreted. In terms of incomes the median European is not doing well. But in terms of lifestyle people in countries like Italy and France live well.,1
2026-05-22,Euro,america_versus_europe,B,2026_05_22_america_versus_europe_B,Antras,Pol,pol_antras,The living standards of the median European are not substantially lower than those of the median American.,Uncertain,5,"Again, lots of heterogeneity there. Plus, it matters whether living standards are just about cost of living, or about other things such as life expectancy or other non-economic factors.",0
2026-05-22,Euro,america_versus_europe,B,2026_05_22_america_versus_europe_B,Auriol,Emmanuelle,emmanuelle_auriol,The living standards of the median European are not substantially lower than those of the median American.,Strongly Agree,8,NA,2
2026-05-22,Euro,america_versus_europe,B,2026_05_22_america_versus_europe_B,Bénassy-Quéré,Agnès,agns_bnassyqur,The living standards of the median European are not substantially lower than those of the median American.,Did Not Answer,NA,NA,NA
2026-05-22,Euro,america_versus_europe,B,2026_05_22_america_versus_europe_B,Blanchard,Olivier,olivier_blanchard,The living standards of the median European are not substantially lower than those of the median American.,Agree,7,NA,1
2026-05-22,Euro,america_versus_europe,B,2026_05_22_america_versus_europe_B,Blundell,Richard William,richardwilliam_blundell,The living standards of the median European are not substantially lower than those of the median American.,Uncertain,4,NA,0
2026-05-22,Euro,america_versus_europe,B,2026_05_22_america_versus_europe_B,Botticini,Maristella,maristella_botticini,The living standards of the median European are not substantially lower than those of the median American.,Strongly Agree,8,NA,2
2026-05-22,Euro,america_versus_europe,B,2026_05_22_america_versus_europe_B,Cagé,Julia,julia_cag,The living standards of the median European are not substantially lower than those of the median American.,Strongly Disagree,8,"I would even say quite the contrary. First, there is no relative decline in income. Second, working hours are lower in Europe, and on average other indicators, such as health outcomes, are better as well. Overall, European countries therefore seem to perform better.",-2
2026-05-22,Euro,america_versus_europe,B,2026_05_22_america_versus_europe_B,Carletti,Elena,elena_carletti,The living standards of the median European are not substantially lower than those of the median American.,Agree,6,NA,1
2026-05-22,Euro,america_versus_europe,B,2026_05_22_america_versus_europe_B,Danthine,Jean-Pierre,jeanpierre_danthine,The living standards of the median European are not substantially lower than those of the median American.,Agree,1,NA,1
2026-05-22,Euro,america_versus_europe,B,2026_05_22_america_versus_europe_B,De Grauwe,Paul,paul_degrauwe,The living standards of the median European are not substantially lower than those of the median American.,Agree,8,NA,1
2026-05-22,Euro,america_versus_europe,B,2026_05_22_america_versus_europe_B,Eeckhout,Jan,jan_eeckhout,The living standards of the median European are not substantially lower than those of the median American.,Uncertain,8,NA,0
2026-05-22,Euro,america_versus_europe,B,2026_05_22_america_versus_europe_B,Fatás,Antonio,antonio_fats,The living standards of the median European are not substantially lower than those of the median American.,Disagree,7,Substantially lower sounds much stronger than what the data suggests.,-1
2026-05-22,Euro,america_versus_europe,B,2026_05_22_america_versus_europe_B,Fuchs-Schündeln,Nicola,nicola_fuchsschndeln,The living standards of the median European are not substantially lower than those of the median American.,Uncertain,9,NA,0
2026-05-22,Euro,america_versus_europe,B,2026_05_22_america_versus_europe_B,Galí,Jordi,jordi_gal,The living standards of the median European are not substantially lower than those of the median American.,Agree,6,NA,1
2026-05-22,Euro,america_versus_europe,B,2026_05_22_america_versus_europe_B,Garicano,Luis,luis_garicano,The living standards of the median European are not substantially lower than those of the median American.,Did Not Answer,NA,NA,NA
2026-05-22,Euro,america_versus_europe,B,2026_05_22_america_versus_europe_B,Gorodnichenko,Yuriy,yuriy_gorodnichenko,The living standards of the median European are not substantially lower than those of the median American.,Uncertain,1,NA,0
2026-05-22,Euro,america_versus_europe,B,2026_05_22_america_versus_europe_B,Griffith,Rachel,rachel_griffith,The living standards of the median European are not substantially lower than those of the median American.,Did Not Answer,NA,NA,NA
2026-05-22,Euro,america_versus_europe,B,2026_05_22_america_versus_europe_B,Guerrieri,Veronica,veronica_guerrieri,The living standards of the median European are not substantially lower than those of the median American.,Agree,8,NA,1
2026-05-22,Euro,america_versus_europe,B,2026_05_22_america_versus_europe_B,Guiso,Luigi,luigi_guiso,The living standards of the median European are not substantially lower than those of the median American.,Did Not Answer,NA,NA,NA
2026-05-22,Euro,america_versus_europe,B,2026_05_22_america_versus_europe_B,Guriev,Sergei,sergei_guriev,The living standards of the median European are not substantially lower than those of the median American.,Uncertain,5,NA,0
2026-05-22,Euro,america_versus_europe,B,2026_05_22_america_versus_europe_B,Honohan,Patrick,patrick_honohan,The living standards of the median European are not substantially lower than those of the median American.,Uncertain,5,"Too much lifestyle variation across Europe, and different degrees of government provision of welfare services to be sure. Measured disposable income differences are not dispositive.",0
2026-05-22,Euro,america_versus_europe,B,2026_05_22_america_versus_europe_B,Javorcik,Beata,beata_javorcik,The living standards of the median European are not substantially lower than those of the median American.,Agree,8,NA,1
2026-05-22,Euro,america_versus_europe,B,2026_05_22_america_versus_europe_B,Kőszegi,Botond,botond_kszegi,The living standards of the median European are not substantially lower than those of the median American.,Disagree,8,The median European citizen does not live in the highest-income countries.,-1
2026-05-22,Euro,america_versus_europe,B,2026_05_22_america_versus_europe_B,Krahnen,Jan Pieter,janpieter_krahnen,The living standards of the median European are not substantially lower than those of the median American.,Agree,5,"The attention of observers is mostly focused on the upper end of income levels and living standards where US level seems to be substantially above the European ones. But for the median household these differences are much smaller, or do not exist at all.",1
2026-05-22,Euro,america_versus_europe,B,2026_05_22_america_versus_europe_B,La Ferrara,Eliana,eliana_laferrara,The living standards of the median European are not substantially lower than those of the median American.,Did Not Answer,NA,NA,NA
2026-05-22,Euro,america_versus_europe,B,2026_05_22_america_versus_europe_B,Leuz,Christian,christian_leuz,The living standards of the median European are not substantially lower than those of the median American.,Agree,5,"Large gap if liv stds = GDP/capita at current rates. But adjusting for PPP & hours worked, US & North-Western Europe are close in income. Not true for all of Europe. If liv stds include health care, education, public services (& happiness), no gap or much of Europe ahead of US.",1
2026-05-22,Euro,america_versus_europe,B,2026_05_22_america_versus_europe_B,Manova,Kalina,kalina_manova,The living standards of the median European are not substantially lower than those of the median American.,Disagree,7,NA,-1
2026-05-22,Euro,america_versus_europe,B,2026_05_22_america_versus_europe_B,Mayer,Thierry,thierry_mayer,The living standards of the median European are not substantially lower than those of the median American.,Did Not Answer,NA,NA,NA
2026-05-22,Euro,america_versus_europe,B,2026_05_22_america_versus_europe_B,Meghir,Costas,costas_meghir,The living standards of the median European are not substantially lower than those of the median American.,Agree,9,NA,1
2026-05-22,Euro,america_versus_europe,B,2026_05_22_america_versus_europe_B,Pagano,Marco,marco_pagano,The living standards of the median European are not substantially lower than those of the median American.,Disagree,8,NA,-1
2026-05-22,Euro,america_versus_europe,B,2026_05_22_america_versus_europe_B,Papaioannou,Elias,elias_papaioannou,The living standards of the median European are not substantially lower than those of the median American.,Agree,10,"Various pieces of evidence show much higher life expectancy, lower infant mortality rates and morbidity, and much lower deaths of despair. 
Regional and ethnic inequalities are much lower in Europe. 
Even upward intergenerational mobility is HIGHER in many EU countries.",1
2026-05-22,Euro,america_versus_europe,B,2026_05_22_america_versus_europe_B,Pastor,Lubos,lubos_pastor,The living standards of the median European are not substantially lower than those of the median American.,Disagree,9,"Besides lower incomes, Europeans also have less personal comfort: smaller homes, no air-conditioning, fewer cars, more red tape. They tend to work less and compete less, which can be viewed as a plus or minus depending on how much you like your job and how competitive you are.",-1
2026-05-22,Euro,america_versus_europe,B,2026_05_22_america_versus_europe_B,Portes,Richard,richard_portes,The living standards of the median European are not substantially lower than those of the median American.,Strongly Disagree,10,NA,-2
2026-05-22,Euro,america_versus_europe,B,2026_05_22_america_versus_europe_B,Prendergast,Canice,canice_prendergast,The living standards of the median European are not substantially lower than those of the median American.,Disagree,2,NA,-1
2026-05-22,Euro,america_versus_europe,B,2026_05_22_america_versus_europe_B,Propper,Carol,carol_propper,The living standards of the median European are not substantially lower than those of the median American.,Agree,5,NA,1
2026-05-22,Euro,america_versus_europe,B,2026_05_22_america_versus_europe_B,Rasul,Imran,imran_rasul,The living standards of the median European are not substantially lower than those of the median American.,Disagree,6,NA,-1
2026-05-22,Euro,america_versus_europe,B,2026_05_22_america_versus_europe_B,Reichlin,Lucrezia,lucrezia_reichlin,The living standards of the median European are not substantially lower than those of the median American.,Did Not Answer,NA,NA,NA
2026-05-22,Euro,america_versus_europe,B,2026_05_22_america_versus_europe_B,Reis,Ricardo,ricardo_reis,The living standards of the median European are not substantially lower than those of the median American.,Strongly Disagree,9,Statistics do not lie.,-2
2026-05-22,Euro,america_versus_europe,B,2026_05_22_america_versus_europe_B,Repullo,Rafael,rafael_repullo,The living standards of the median European are not substantially lower than those of the median American.,Uncertain,4,NA,0
2026-05-22,Euro,america_versus_europe,B,2026_05_22_america_versus_europe_B,Schoar,Antoinette,antoinette_schoar,The living standards of the median European are not substantially lower than those of the median American.,Uncertain,8,NA,0
2026-05-22,Euro,america_versus_europe,B,2026_05_22_america_versus_europe_B,Storesletten,Kjetil,kjetil_storesletten,The living standards of the median European are not substantially lower than those of the median American.,Disagree,8,"Median disposable income is roughly twice as large in the US. But certain  government services such as health care are still better in Europe. On balance, living standards for the median household are better in the US",-1
2026-05-22,Euro,america_versus_europe,B,2026_05_22_america_versus_europe_B,Strömberg,Per,per_strmberg,The living standards of the median European are not substantially lower than those of the median American.,Uncertain,5,"PPP-adjusted disposable income in EU is clearly lower, but accounting for dree healthcare, free or highly subsidized higher education, and more leisure time, I would say that median quality of living is higher in EU comp to US.",0
2026-05-22,Euro,america_versus_europe,B,2026_05_22_america_versus_europe_B,Sturm,Daniel,daniel_sturm,The living standards of the median European are not substantially lower than those of the median American.,Did Not Answer,NA,NA,NA
2026-05-22,Euro,america_versus_europe,B,2026_05_22_america_versus_europe_B,Tenreyro,Silvana,silvana_tenreyro,The living standards of the median European are not substantially lower than those of the median American.,Agree,3,"Going beyond real incomes, Europe seems to perform better when it comes to other indicators relevant for wellbeing, including health (e.g., life expectancy), violence (e.g. homicide or overdose death rates), etc.",1
2026-05-22,Euro,america_versus_europe,B,2026_05_22_america_versus_europe_B,Van der Ploeg,Rick,rick_vanderploeg,The living standards of the median European are not substantially lower than those of the median American.,Agree,7,Less income but better place to live for low incomes.,1
2026-05-22,Euro,america_versus_europe,B,2026_05_22_america_versus_europe_B,Vickers,John,john_vickers,The living standards of the median European are not substantially lower than those of the median American.,Uncertain,4,NA,0
2026-05-22,Euro,america_versus_europe,B,2026_05_22_america_versus_europe_B,Voth,Hans-Joachim,hansjoachim_voth,The living standards of the median European are not substantially lower than those of the median American.,Agree,8,NA,1
2026-05-22,Euro,america_versus_europe,B,2026_05_22_america_versus_europe_B,Wyplosz,Charles,charles_wyplosz,The living standards of the median European are not substantially lower than those of the median American.,Agree,8,"If measured in real domestic terms and taking into account life quality (leisure, life expectancy, health services, etc.)",1
2026-06-03,US,permanent_residency_rules,A,2026_06_03_permanent_residency_rules_A,Acemoglu,Daron,daron_acemoglu,Requiring most green card applicants to apply for permanent residency from overseas would lead to a substantial reduction in the numbers of skilled immigrants in the US.,Agree,4,NA,1
2026-06-03,US,permanent_residency_rules,A,2026_06_03_permanent_residency_rules_A,Aguiar,Mark,mark_aguiar,Requiring most green card applicants to apply for permanent residency from overseas would lead to a substantial reduction in the numbers of skilled immigrants in the US.,Strongly Agree,7,NA,2
2026-06-03,US,permanent_residency_rules,A,2026_06_03_permanent_residency_rules_A,Altonji,Joseph,joseph_altonji,Requiring most green card applicants to apply for permanent residency from overseas would lead to a substantial reduction in the numbers of skilled immigrants in the US.,Agree,5,NA,1
2026-06-03,US,permanent_residency_rules,A,2026_06_03_permanent_residency_rules_A,Auerbach,Alan,alan_auerbach,Requiring most green card applicants to apply for permanent residency from overseas would lead to a substantial reduction in the numbers of skilled immigrants in the US.,Agree,5,NA,1
2026-06-03,US,permanent_residency_rules,A,2026_06_03_permanent_residency_rules_A,Autor,David,david_autor,Requiring most green card applicants to apply for permanent residency from overseas would lead to a substantial reduction in the numbers of skilled immigrants in the US.,Agree,8,NA,1
2026-06-03,US,permanent_residency_rules,A,2026_06_03_permanent_residency_rules_A,Banerjee,Abhijit,abhijit_banerjee,Requiring most green card applicants to apply for permanent residency from overseas would lead to a substantial reduction in the numbers of skilled immigrants in the US.,Agree,5,NA,1
2026-06-03,US,permanent_residency_rules,A,2026_06_03_permanent_residency_rules_A,Bergemann,Dirk,dirk_bergemann,Requiring most green card applicants to apply for permanent residency from overseas would lead to a substantial reduction in the numbers of skilled immigrants in the US.,Agree,7,NA,1
2026-06-03,US,permanent_residency_rules,A,2026_06_03_permanent_residency_rules_A,Bertrand,Marianne,marianne_bertrand,Requiring most green card applicants to apply for permanent residency from overseas would lead to a substantial reduction in the numbers of skilled immigrants in the US.,Agree,7,NA,1
2026-06-03,US,permanent_residency_rules,A,2026_06_03_permanent_residency_rules_A,Brunnermeier,Markus,markus_brunnermeier,Requiring most green card applicants to apply for permanent residency from overseas would lead to a substantial reduction in the numbers of skilled immigrants in the US.,Did Not Answer,NA,NA,NA
2026-06-03,US,permanent_residency_rules,A,2026_06_03_permanent_residency_rules_A,Chevalier,Judith,judith_chevalier,Requiring most green card applicants to apply for permanent residency from overseas would lead to a substantial reduction in the numbers of skilled immigrants in the US.,Agree,7,NA,1
2026-06-03,US,permanent_residency_rules,A,2026_06_03_permanent_residency_rules_A,Cutler,David,david_cutler,Requiring most green card applicants to apply for permanent residency from overseas would lead to a substantial reduction in the numbers of skilled immigrants in the US.,Agree,3,NA,1
2026-06-03,US,permanent_residency_rules,A,2026_06_03_permanent_residency_rules_A,Duffie,Darrell,darrell_duffie,Requiring most green card applicants to apply for permanent residency from overseas would lead to a substantial reduction in the numbers of skilled immigrants in the US.,Uncertain,2,"How many of these immigrants are skilled and will ultimately prevented from getting green cards because of this policy? Not sure. So whether the effect is ""substantial"" is uncertain  to me. It does look like a bad policy..",0
2026-06-03,US,permanent_residency_rules,A,2026_06_03_permanent_residency_rules_A,Edlin,Aaron,aaron_edlin,Requiring most green card applicants to apply for permanent residency from overseas would lead to a substantial reduction in the numbers of skilled immigrants in the US.,Agree,7,NA,1
2026-06-03,US,permanent_residency_rules,A,2026_06_03_permanent_residency_rules_A,Eichengreen,Barry,barry_eichengreen,Requiring most green card applicants to apply for permanent residency from overseas would lead to a substantial reduction in the numbers of skilled immigrants in the US.,Strongly Agree,5,NA,2
2026-06-03,US,permanent_residency_rules,A,2026_06_03_permanent_residency_rules_A,Einav,Liran,liran_einav,Requiring most green card applicants to apply for permanent residency from overseas would lead to a substantial reduction in the numbers of skilled immigrants in the US.,Uncertain,1,NA,0
2026-06-03,US,permanent_residency_rules,A,2026_06_03_permanent_residency_rules_A,Fair,Ray,ray_fair,Requiring most green card applicants to apply for permanent residency from overseas would lead to a substantial reduction in the numbers of skilled immigrants in the US.,Agree,5,NA,1
2026-06-03,US,permanent_residency_rules,A,2026_06_03_permanent_residency_rules_A,Glaeser,Edward,edward_glaeser,Requiring most green card applicants to apply for permanent residency from overseas would lead to a substantial reduction in the numbers of skilled immigrants in the US.,Agree,8,NA,1
2026-06-03,US,permanent_residency_rules,A,2026_06_03_permanent_residency_rules_A,Goldberg,Pinelopi,pinelopi_goldberg,Requiring most green card applicants to apply for permanent residency from overseas would lead to a substantial reduction in the numbers of skilled immigrants in the US.,Disagree,5,"It would have a negative, but small effect.",-1
2026-06-03,US,permanent_residency_rules,A,2026_06_03_permanent_residency_rules_A,Greenstone,Michael,michael_greenstone,Requiring most green card applicants to apply for permanent residency from overseas would lead to a substantial reduction in the numbers of skilled immigrants in the US.,Strongly Agree,7,NA,2
2026-06-03,US,permanent_residency_rules,A,2026_06_03_permanent_residency_rules_A,Hart,Oliver,oliver_hart,Requiring most green card applicants to apply for permanent residency from overseas would lead to a substantial reduction in the numbers of skilled immigrants in the US.,Agree,6,NA,1
2026-06-03,US,permanent_residency_rules,A,2026_06_03_permanent_residency_rules_A,Hoxby,Caroline,caroline_hoxby,Requiring most green card applicants to apply for permanent residency from overseas would lead to a substantial reduction in the numbers of skilled immigrants in the US.,Did Not Answer,NA,NA,NA
2026-06-03,US,permanent_residency_rules,A,2026_06_03_permanent_residency_rules_A,Hoynes,Hilary,hilary_hoynes,Requiring most green card applicants to apply for permanent residency from overseas would lead to a substantial reduction in the numbers of skilled immigrants in the US.,Agree,3,"Certainly will reduce but unsure if it will be ""substantial""",1
2026-06-03,US,permanent_residency_rules,A,2026_06_03_permanent_residency_rules_A,Hurst,Erik,erik_hurst,Requiring most green card applicants to apply for permanent residency from overseas would lead to a substantial reduction in the numbers of skilled immigrants in the US.,Agree,6,NA,1
2026-06-03,US,permanent_residency_rules,A,2026_06_03_permanent_residency_rules_A,Judd,Kenneth,kenneth_judd,Requiring most green card applicants to apply for permanent residency from overseas would lead to a substantial reduction in the numbers of skilled immigrants in the US.,Agree,7,"The impact depends on just what it means to go ""overseas"". Americans do not know how costly this could be. There is no point to this rule. Just an attack on immigration.",1
2026-06-03,US,permanent_residency_rules,A,2026_06_03_permanent_residency_rules_A,Kaplan,Steven,steven_kaplan,Requiring most green card applicants to apply for permanent residency from overseas would lead to a substantial reduction in the numbers of skilled immigrants in the US.,Agree,3,A bad idea.,1
2026-06-03,US,permanent_residency_rules,A,2026_06_03_permanent_residency_rules_A,Kashyap,Anil,anil_kashyap,Requiring most green card applicants to apply for permanent residency from overseas would lead to a substantial reduction in the numbers of skilled immigrants in the US.,Strongly Agree,9,"hard to tell if they really will follow through on this, but a change in this direction if enforced would greatly complicate the process for people in many countries",2
2026-06-03,US,permanent_residency_rules,A,2026_06_03_permanent_residency_rules_A,Klenow,Pete,pete_klenow,Requiring most green card applicants to apply for permanent residency from overseas would lead to a substantial reduction in the numbers of skilled immigrants in the US.,Agree,4,NA,1
2026-06-03,US,permanent_residency_rules,A,2026_06_03_permanent_residency_rules_A,Levin,Jonathan,jonathan_levin,Requiring most green card applicants to apply for permanent residency from overseas would lead to a substantial reduction in the numbers of skilled immigrants in the US.,Agree,4,NA,1
2026-06-03,US,permanent_residency_rules,A,2026_06_03_permanent_residency_rules_A,Maskin,Eric,eric_maskin,Requiring most green card applicants to apply for permanent residency from overseas would lead to a substantial reduction in the numbers of skilled immigrants in the US.,Agree,5,NA,1
2026-06-03,US,permanent_residency_rules,A,2026_06_03_permanent_residency_rules_A,Nordhaus,William,william_nordhaus,Requiring most green card applicants to apply for permanent residency from overseas would lead to a substantial reduction in the numbers of skilled immigrants in the US.,Did Not Answer,NA,NA,NA
2026-06-03,US,permanent_residency_rules,A,2026_06_03_permanent_residency_rules_A,Obstfeld,Maurice,maurice_obstfeld,Requiring most green card applicants to apply for permanent residency from overseas would lead to a substantial reduction in the numbers of skilled immigrants in the US.,Strongly Agree,3,NA,2
2026-06-03,US,permanent_residency_rules,A,2026_06_03_permanent_residency_rules_A,Pathak,Parag,parag_pathak,Requiring most green card applicants to apply for permanent residency from overseas would lead to a substantial reduction in the numbers of skilled immigrants in the US.,Agree,1,NA,1
2026-06-03,US,permanent_residency_rules,A,2026_06_03_permanent_residency_rules_A,Samuelson,Larry,larry_samuelson,Requiring most green card applicants to apply for permanent residency from overseas would lead to a substantial reduction in the numbers of skilled immigrants in the US.,Agree,6,NA,1
2026-06-03,US,permanent_residency_rules,A,2026_06_03_permanent_residency_rules_A,Scheinkman,José,jos_scheinkman,Requiring most green card applicants to apply for permanent residency from overseas would lead to a substantial reduction in the numbers of skilled immigrants in the US.,Agree,7,"About 500000 apply each year for a green card while present in the US, including many high-skilled. If they must abandon current employment and move elsewhere, a noticeable fraction could make that move permanent.",1
2026-06-03,US,permanent_residency_rules,A,2026_06_03_permanent_residency_rules_A,Schmalensee,Richard,richard_schmalensee,Requiring most green card applicants to apply for permanent residency from overseas would lead to a substantial reduction in the numbers of skilled immigrants in the US.,No Opinion,NA,Don't know enough.,NA
2026-06-03,US,permanent_residency_rules,A,2026_06_03_permanent_residency_rules_A,Scott Morton,Fiona,fiona_scottmorton,Requiring most green card applicants to apply for permanent residency from overseas would lead to a substantial reduction in the numbers of skilled immigrants in the US.,Agree,6,NA,1
2026-06-03,US,permanent_residency_rules,A,2026_06_03_permanent_residency_rules_A,Shapiro,Carl,carl_shapiro,Requiring most green card applicants to apply for permanent residency from overseas would lead to a substantial reduction in the numbers of skilled immigrants in the US.,Uncertain,3,NA,0
2026-06-03,US,permanent_residency_rules,A,2026_06_03_permanent_residency_rules_A,Shimer,Robert,robert_shimer,Requiring most green card applicants to apply for permanent residency from overseas would lead to a substantial reduction in the numbers of skilled immigrants in the US.,Agree,8,NA,1
2026-06-03,US,permanent_residency_rules,A,2026_06_03_permanent_residency_rules_A,Stantcheva,Stefanie,stefanie_stantcheva,Requiring most green card applicants to apply for permanent residency from overseas would lead to a substantial reduction in the numbers of skilled immigrants in the US.,Did Not Answer,NA,NA,NA
2026-06-03,US,permanent_residency_rules,A,2026_06_03_permanent_residency_rules_A,Stock,James,james_stock,Requiring most green card applicants to apply for permanent residency from overseas would lead to a substantial reduction in the numbers of skilled immigrants in the US.,Did Not Answer,NA,NA,NA
2026-06-03,US,permanent_residency_rules,A,2026_06_03_permanent_residency_rules_A,Syverson,Chad,chad_syverson,Requiring most green card applicants to apply for permanent residency from overseas would lead to a substantial reduction in the numbers of skilled immigrants in the US.,Strongly Agree,10,This is a stupid proposal.,2
2026-06-03,US,permanent_residency_rules,A,2026_06_03_permanent_residency_rules_A,Thaler,Richard,richard_thaler,Requiring most green card applicants to apply for permanent residency from overseas would lead to a substantial reduction in the numbers of skilled immigrants in the US.,Strongly Agree,5,NA,2
2026-06-03,US,permanent_residency_rules,A,2026_06_03_permanent_residency_rules_A,Udry,Christopher,christopher_udry,Requiring most green card applicants to apply for permanent residency from overseas would lead to a substantial reduction in the numbers of skilled immigrants in the US.,Agree,4,"I don't know if it will be substantial, but it will have a negative impact. It's a ridiculous idea.",1
2026-06-03,US,permanent_residency_rules,A,2026_06_03_permanent_residency_rules_A,Werning,Ivan,ivan_werning,Requiring most green card applicants to apply for permanent residency from overseas would lead to a substantial reduction in the numbers of skilled immigrants in the US.,Did Not Answer,NA,NA,NA
2026-06-03,US,permanent_residency_rules,B,2026_06_03_permanent_residency_rules_B,Acemoglu,Daron,daron_acemoglu,Requiring most green card applicants to apply for permanent residency from overseas would have a measurably adverse impact on a substantial number of US businesses.,Agree,4,NA,1
2026-06-03,US,permanent_residency_rules,B,2026_06_03_permanent_residency_rules_B,Aguiar,Mark,mark_aguiar,Requiring most green card applicants to apply for permanent residency from overseas would have a measurably adverse impact on a substantial number of US businesses.,Strongly Agree,7,NA,2
2026-06-03,US,permanent_residency_rules,B,2026_06_03_permanent_residency_rules_B,Altonji,Joseph,joseph_altonji,Requiring most green card applicants to apply for permanent residency from overseas would have a measurably adverse impact on a substantial number of US businesses.,Agree,8,NA,1
2026-06-03,US,permanent_residency_rules,B,2026_06_03_permanent_residency_rules_B,Auerbach,Alan,alan_auerbach,Requiring most green card applicants to apply for permanent residency from overseas would have a measurably adverse impact on a substantial number of US businesses.,Agree,5,NA,1
2026-06-03,US,permanent_residency_rules,B,2026_06_03_permanent_residency_rules_B,Autor,David,david_autor,Requiring most green card applicants to apply for permanent residency from overseas would have a measurably adverse impact on a substantial number of US businesses.,Agree,7,NA,1
2026-06-03,US,permanent_residency_rules,B,2026_06_03_permanent_residency_rules_B,Banerjee,Abhijit,abhijit_banerjee,Requiring most green card applicants to apply for permanent residency from overseas would have a measurably adverse impact on a substantial number of US businesses.,Agree,5,NA,1
2026-06-03,US,permanent_residency_rules,B,2026_06_03_permanent_residency_rules_B,Bergemann,Dirk,dirk_bergemann,Requiring most green card applicants to apply for permanent residency from overseas would have a measurably adverse impact on a substantial number of US businesses.,Agree,7,NA,1
2026-06-03,US,permanent_residency_rules,B,2026_06_03_permanent_residency_rules_B,Bertrand,Marianne,marianne_bertrand,Requiring most green card applicants to apply for permanent residency from overseas would have a measurably adverse impact on a substantial number of US businesses.,Agree,7,NA,1
2026-06-03,US,permanent_residency_rules,B,2026_06_03_permanent_residency_rules_B,Brunnermeier,Markus,markus_brunnermeier,Requiring most green card applicants to apply for permanent residency from overseas would have a measurably adverse impact on a substantial number of US businesses.,Did Not Answer,NA,NA,NA
2026-06-03,US,permanent_residency_rules,B,2026_06_03_permanent_residency_rules_B,Chevalier,Judith,judith_chevalier,Requiring most green card applicants to apply for permanent residency from overseas would have a measurably adverse impact on a substantial number of US businesses.,Strongly Agree,8,NA,2
2026-06-03,US,permanent_residency_rules,B,2026_06_03_permanent_residency_rules_B,Cutler,David,david_cutler,Requiring most green card applicants to apply for permanent residency from overseas would have a measurably adverse impact on a substantial number of US businesses.,Agree,5,NA,1
2026-06-03,US,permanent_residency_rules,B,2026_06_03_permanent_residency_rules_B,Duffie,Darrell,darrell_duffie,Requiring most green card applicants to apply for permanent residency from overseas would have a measurably adverse impact on a substantial number of US businesses.,Agree,2,NA,1
2026-06-03,US,permanent_residency_rules,B,2026_06_03_permanent_residency_rules_B,Edlin,Aaron,aaron_edlin,Requiring most green card applicants to apply for permanent residency from overseas would have a measurably adverse impact on a substantial number of US businesses.,Agree,6,NA,1
2026-06-03,US,permanent_residency_rules,B,2026_06_03_permanent_residency_rules_B,Eichengreen,Barry,barry_eichengreen,Requiring most green card applicants to apply for permanent residency from overseas would have a measurably adverse impact on a substantial number of US businesses.,Strongly Agree,5,NA,2
2026-06-03,US,permanent_residency_rules,B,2026_06_03_permanent_residency_rules_B,Einav,Liran,liran_einav,Requiring most green card applicants to apply for permanent residency from overseas would have a measurably adverse impact on a substantial number of US businesses.,Uncertain,1,NA,0
2026-06-03,US,permanent_residency_rules,B,2026_06_03_permanent_residency_rules_B,Fair,Ray,ray_fair,Requiring most green card applicants to apply for permanent residency from overseas would have a measurably adverse impact on a substantial number of US businesses.,Agree,5,NA,1
2026-06-03,US,permanent_residency_rules,B,2026_06_03_permanent_residency_rules_B,Glaeser,Edward,edward_glaeser,Requiring most green card applicants to apply for permanent residency from overseas would have a measurably adverse impact on a substantial number of US businesses.,Agree,8,NA,1
2026-06-03,US,permanent_residency_rules,B,2026_06_03_permanent_residency_rules_B,Goldberg,Pinelopi,pinelopi_goldberg,Requiring most green card applicants to apply for permanent residency from overseas would have a measurably adverse impact on a substantial number of US businesses.,Disagree,5,"Again, the expected effect would be negative, but small.",-1
2026-06-03,US,permanent_residency_rules,B,2026_06_03_permanent_residency_rules_B,Greenstone,Michael,michael_greenstone,Requiring most green card applicants to apply for permanent residency from overseas would have a measurably adverse impact on a substantial number of US businesses.,Strongly Agree,7,See the important research on H1-B's,2
2026-06-03,US,permanent_residency_rules,B,2026_06_03_permanent_residency_rules_B,Hart,Oliver,oliver_hart,Requiring most green card applicants to apply for permanent residency from overseas would have a measurably adverse impact on a substantial number of US businesses.,Agree,7,NA,1
2026-06-03,US,permanent_residency_rules,B,2026_06_03_permanent_residency_rules_B,Hoxby,Caroline,caroline_hoxby,Requiring most green card applicants to apply for permanent residency from overseas would have a measurably adverse impact on a substantial number of US businesses.,Did Not Answer,NA,NA,NA
2026-06-03,US,permanent_residency_rules,B,2026_06_03_permanent_residency_rules_B,Hoynes,Hilary,hilary_hoynes,Requiring most green card applicants to apply for permanent residency from overseas would have a measurably adverse impact on a substantial number of US businesses.,Agree,4,NA,1
2026-06-03,US,permanent_residency_rules,B,2026_06_03_permanent_residency_rules_B,Hurst,Erik,erik_hurst,Requiring most green card applicants to apply for permanent residency from overseas would have a measurably adverse impact on a substantial number of US businesses.,Uncertain,6,NA,0
2026-06-03,US,permanent_residency_rules,B,2026_06_03_permanent_residency_rules_B,Judd,Kenneth,kenneth_judd,Requiring most green card applicants to apply for permanent residency from overseas would have a measurably adverse impact on a substantial number of US businesses.,Agree,8,NA,1
2026-06-03,US,permanent_residency_rules,B,2026_06_03_permanent_residency_rules_B,Kaplan,Steven,steven_kaplan,Requiring most green card applicants to apply for permanent residency from overseas would have a measurably adverse impact on a substantial number of US businesses.,Uncertain,5,Businesses can adjust,0
2026-06-03,US,permanent_residency_rules,B,2026_06_03_permanent_residency_rules_B,Kashyap,Anil,anil_kashyap,Requiring most green card applicants to apply for permanent residency from overseas would have a measurably adverse impact on a substantial number of US businesses.,Agree,5,NA,1
2026-06-03,US,permanent_residency_rules,B,2026_06_03_permanent_residency_rules_B,Klenow,Pete,pete_klenow,Requiring most green card applicants to apply for permanent residency from overseas would have a measurably adverse impact on a substantial number of US businesses.,Agree,6,NA,1
2026-06-03,US,permanent_residency_rules,B,2026_06_03_permanent_residency_rules_B,Levin,Jonathan,jonathan_levin,Requiring most green card applicants to apply for permanent residency from overseas would have a measurably adverse impact on a substantial number of US businesses.,Agree,4,NA,1
2026-06-03,US,permanent_residency_rules,B,2026_06_03_permanent_residency_rules_B,Maskin,Eric,eric_maskin,Requiring most green card applicants to apply for permanent residency from overseas would have a measurably adverse impact on a substantial number of US businesses.,Agree,4,NA,1
2026-06-03,US,permanent_residency_rules,B,2026_06_03_permanent_residency_rules_B,Nordhaus,William,william_nordhaus,Requiring most green card applicants to apply for permanent residency from overseas would have a measurably adverse impact on a substantial number of US businesses.,Did Not Answer,NA,NA,NA
2026-06-03,US,permanent_residency_rules,B,2026_06_03_permanent_residency_rules_B,Obstfeld,Maurice,maurice_obstfeld,Requiring most green card applicants to apply for permanent residency from overseas would have a measurably adverse impact on a substantial number of US businesses.,Agree,2,NA,1
2026-06-03,US,permanent_residency_rules,B,2026_06_03_permanent_residency_rules_B,Pathak,Parag,parag_pathak,Requiring most green card applicants to apply for permanent residency from overseas would have a measurably adverse impact on a substantial number of US businesses.,Uncertain,1,NA,0
2026-06-03,US,permanent_residency_rules,B,2026_06_03_permanent_residency_rules_B,Samuelson,Larry,larry_samuelson,Requiring most green card applicants to apply for permanent residency from overseas would have a measurably adverse impact on a substantial number of US businesses.,Agree,6,The desire of people abroad to work in the US is one of the United States' greatest assets.  Putting obstacles in the way of legal immigration devalues this asset.,1
2026-06-03,US,permanent_residency_rules,B,2026_06_03_permanent_residency_rules_B,Scheinkman,José,jos_scheinkman,Requiring most green card applicants to apply for permanent residency from overseas would have a measurably adverse impact on a substantial number of US businesses.,Agree,6,NA,1
2026-06-03,US,permanent_residency_rules,B,2026_06_03_permanent_residency_rules_B,Schmalensee,Richard,richard_schmalensee,Requiring most green card applicants to apply for permanent residency from overseas would have a measurably adverse impact on a substantial number of US businesses.,No Opinion,NA,Don't know enough.,NA
2026-06-03,US,permanent_residency_rules,B,2026_06_03_permanent_residency_rules_B,Scott Morton,Fiona,fiona_scottmorton,Requiring most green card applicants to apply for permanent residency from overseas would have a measurably adverse impact on a substantial number of US businesses.,Agree,9,NA,1
2026-06-03,US,permanent_residency_rules,B,2026_06_03_permanent_residency_rules_B,Shapiro,Carl,carl_shapiro,Requiring most green card applicants to apply for permanent residency from overseas would have a measurably adverse impact on a substantial number of US businesses.,Strongly Agree,8,NA,2
2026-06-03,US,permanent_residency_rules,B,2026_06_03_permanent_residency_rules_B,Shimer,Robert,robert_shimer,Requiring most green card applicants to apply for permanent residency from overseas would have a measurably adverse impact on a substantial number of US businesses.,Agree,6,NA,1
2026-06-03,US,permanent_residency_rules,B,2026_06_03_permanent_residency_rules_B,Stantcheva,Stefanie,stefanie_stantcheva,Requiring most green card applicants to apply for permanent residency from overseas would have a measurably adverse impact on a substantial number of US businesses.,Did Not Answer,NA,NA,NA
2026-06-03,US,permanent_residency_rules,B,2026_06_03_permanent_residency_rules_B,Stock,James,james_stock,Requiring most green card applicants to apply for permanent residency from overseas would have a measurably adverse impact on a substantial number of US businesses.,Did Not Answer,NA,NA,NA
2026-06-03,US,permanent_residency_rules,B,2026_06_03_permanent_residency_rules_B,Syverson,Chad,chad_syverson,Requiring most green card applicants to apply for permanent residency from overseas would have a measurably adverse impact on a substantial number of US businesses.,Strongly Agree,10,This is a stupid proposal.,2
2026-06-03,US,permanent_residency_rules,B,2026_06_03_permanent_residency_rules_B,Thaler,Richard,richard_thaler,Requiring most green card applicants to apply for permanent residency from overseas would have a measurably adverse impact on a substantial number of US businesses.,Strongly Agree,5,NA,2
2026-06-03,US,permanent_residency_rules,B,2026_06_03_permanent_residency_rules_B,Udry,Christopher,christopher_udry,Requiring most green card applicants to apply for permanent residency from overseas would have a measurably adverse impact on a substantial number of US businesses.,Agree,4,"Again uncertain about magnitude, but the direction is obvious and negative.",1
2026-06-03,US,permanent_residency_rules,B,2026_06_03_permanent_residency_rules_B,Werning,Ivan,ivan_werning,Requiring most green card applicants to apply for permanent residency from overseas would have a measurably adverse impact on a substantial number of US businesses.,Did Not Answer,NA,NA,NA
